-- phpMyAdmin SQL Dump
-- version 4.1.14
-- http://www.phpmyadmin.net
--
-- Host: 127.0.0.1
-- Generation Time: Jun 19, 2016 at 08:23 AM
-- Server version: 5.6.17
-- PHP Version: 5.5.12

SET SQL_MODE = "NO_AUTO_VALUE_ON_ZERO";
SET time_zone = "+00:00";


/*!40101 SET @OLD_CHARACTER_SET_CLIENT=@@CHARACTER_SET_CLIENT */;
/*!40101 SET @OLD_CHARACTER_SET_RESULTS=@@CHARACTER_SET_RESULTS */;
/*!40101 SET @OLD_COLLATION_CONNECTION=@@COLLATION_CONNECTION */;
/*!40101 SET NAMES utf8 */;

--
-- Database: `jvl`
--

-- --------------------------------------------------------

--
-- Table structure for table `add_offer`
--

CREATE TABLE IF NOT EXISTS `add_offer` (
  `lift_id` int(11) NOT NULL AUTO_INCREMENT,
  `name` text NOT NULL,
  `source` text NOT NULL,
  `destination` text NOT NULL,
  `email` varchar(30) NOT NULL,
  `date` date NOT NULL,
  `contact` varchar(10) NOT NULL,
  `age` int(11) NOT NULL,
  `address` varchar(50) NOT NULL,
  `vehicle` varchar(20) NOT NULL,
  `Photo` varchar(20) NOT NULL DEFAULT 'default.jpg',
  `ID_proof` text NOT NULL,
  `confirmation` varchar(10) NOT NULL DEFAULT 'NO',
  PRIMARY KEY (`lift_id`)
) ENGINE=InnoDB  DEFAULT CHARSET=latin1 AUTO_INCREMENT=305 ;

--
-- Dumping data for table `add_offer`
--

INSERT INTO `add_offer` (`lift_id`, `name`, `source`, `destination`, `email`, `date`, `contact`, `age`, `address`, `vehicle`, `Photo`, `ID_proof`, `confirmation`) VALUES
(1, 'sarique', 'kolkata', 'asansol', 'nadim.902@gmail.com', '2016-03-10', '7278833535', 22, 'kaikhali', 'vehicle', 'photo1.jpg', '', 'NO'),
(2, 'nabanita', 'asansol', 'howrah', 'nabanita', '2016-03-16', '1234567890', 22, 'tripura', '2-wheeler', 'photo2.jpg', '', 'NO'),
(5, 'mayank', 'airport', 'tripura', 'mayank', '2016-03-17', '123456', 24, 'new town', '2-wheeler', 'photo3.jpg', '', 'NO'),
(6, 'kamalika', 'rajarhat', 'howrah', 'kamalika', '2016-03-24', '213456789', 20, 'howrah', 'vehicle', 'photo4.jpg', '', 'NO'),
(7, 'jisan', 'airport', 'howrah', 'jisan', '2016-03-26', '213456789', 20, 'kaikhali', 'vehicle', 'photo5.jpg', '', 'NO'),
(8, 'imran', 'kolkata', 'asansol', 'imran', '2016-03-18', '12345678', 26, 'doranda', 'vehicle', 'photo6.png', '', 'NO'),
(9, 'hafiz', 'airport', 'howrah', 'hafiz', '2016-03-19', '12344', 25, 'mumbai', 'vehicle', 'photo7.jpg', '', 'NO'),
(10, 'kumar', 'airport', 'asansol', 'hafiz', '2016-03-19', '12344', 25, 'delhi', 'vehicle', 'photo7.jpg', '', 'NO'),
(11, 'nitesh', 'kolkata', 'asansol', 'nitesh', '2016-03-12', '2345', 22, 'dcdd', '4-wheeler', 'default.jpg', '', 'NO'),
(12, 'rahul', 'kolkata', 'asansol', 'rahul', '2016-03-18', '244', 32, 'dwfdw', '4-wheeler', 'default.jpg', '', 'NO'),
(15, 'ravi', 'airport', 'howrah', 'ravi', '2016-03-18', '234', 23, 'dfdv', '4-wheeler', 'default.jpg', '', 'NO'),
(20, 'diptesh', 'airport', 'kolkata', 'nadim', '2016-03-24', '2424', 23, 'sdef', '4-wheeler', 'default.jpg', '', 'NO'),
(22, 'amit', 'kolkata', 'asansol', 'amit', '2016-03-19', '12334', 23, 'ww', '4-wheeler', 'dell.jpg', '', 'NO'),
(23, 'amir', 'asansol', 'howrah', 'amir', '0000-00-00', '123456', 24, 'kiakhli', '2-wheeler', 'samsung1.jpg', '', 'NO'),
(24, 'nadim', 'kolkata', 'howrah', 'nadim', '2016-03-12', '12345678', 23, 'mondal ', '4-wheeler', 'television3.jpg', '', 'NO'),
(29, 'almas', 'howrah', 'airport', 'sarique.902@gmail.co', '2016-12-30', '678', 55, 'kjhf', '', 'default.png', '', 'NO'),
(33, 'bika', 'kolkata', 'kolkata', 'bika', '0000-00-00', '123345', 23, 'tripura', '', 'bika.jpg', '', 'NO'),
(38, 'ravi', 'kolkata', 'kolkata', 'ravi.902@gmail.com', '2016-03-23', '123456', 34, 'bihar', '', 'ravi.jpg', '', 'NO'),
(39, 'imran', 'howrah', 'asansol', 'imr.902@gmail.com', '2016-03-09', '12345678', 26, 'ranchi', '', 'default.png', '', 'NO'),
(45, 'nadim', 'howrah', 'kolkata', 'nadim', '2016-04-02', '7278833535', 22, 'kaikhali', '', 'nadim.jpg', '', 'NO'),
(46, 'nadim', 'asansol', 'airport', 'nadim', '2016-04-04', '7278833535', 22, 'kaikhali', '', 'nadim.jpg', '', 'NO'),
(47, 'nadim', 'airport', 'kolkata', 'nadim', '2016-03-05', '7278833535', 22, 'kaikhali', '', 'nadim.jpg', '', 'NO'),
(51, 'imran', 'kolkata', 'kolkata', 'imran.902@gmail.com', '0000-00-00', '12345678', 26, 'ranchi', '', 'default.png', '', 'NO'),
(53, 'imran', 'kolkata', 'kolkata', 'imran.902@gmail.com', '0000-00-00', '12345678', 26, 'ranchi', '', 'default.png', '', 'NO'),
(54, 'imran', 'kolkata', 'kolkata', 'imran.902@gmail.com', '0000-00-00', '12345678', 26, 'ranchi', '', 'default.png', '', 'NO'),
(55, 'imran', 'kolkata', 'kolkata', 'imran.902@gmail.com', '0000-00-00', '12345678', 26, 'ranchi', '', 'default.png', '', 'NO'),
(57, 'imran', 'kolkata', 'kolkata', 'imran.902@gmail.com', '0000-00-00', '12345678', 26, 'ranchi', '', 'default.png', '', 'NO'),
(59, 'kohli', 'kolkata', 'kolkata', 'nadim.902@gmail.com', '0000-00-00', '9999999999', 28, 'india', '', 'man_wih_bike6.jpg', '', 'NO'),
(60, 'kohli', 'kolkata', 'kolkata', 'nadim.902@gmail.com', '0000-00-00', '9999999999', 28, 'india', '', 'man_wih_bike6.jpg', '', 'NO'),
(61, 'kohli', 'kolkata', 'kolkata', 'nadim.902@gmail.com', '0000-00-00', '9999999999', 28, 'india', '', 'man_wih_bike6.jpg', '', 'NO'),
(62, 'nadim', 'kolkata', 'airport', 'nadim', '0000-00-00', '7278833535', 22, 'kaikhali', '', 'nadim.jpg', '', 'NO'),
(63, 'nadim', 'kolkata', 'airport', 'nadim', '0000-00-00', '7278833535', 22, 'kaikhali', '', 'nadim.jpg', '', 'NO'),
(64, 'nadim', 'kolkata', 'kolkata', 'nadim', '0000-00-00', '7278833535', 22, 'kaikhali', '', 'nadim.jpg', '', 'NO'),
(65, 'imran', 'kolkata', 'kolkata', 'imran.902@gmail.com', '0000-00-00', '12345678', 26, 'ranchi', '', 'default.png', '', 'NO'),
(66, 'imran', 'kolkata', 'kolkata', 'imran.902@gmail.com', '0000-00-00', '12345678', 26, 'ranchi', '', 'default.png', '', 'NO'),
(67, 'nadim', 'kolkata', 'kolkata', 'nadim', '0000-00-00', '7278833535', 22, 'kaikhali', '', 'nadim.jpg', '', 'NO'),
(70, 'nadim', 'kolkata', 'kolkata', 'nadim', '2016-05-17', '7278833535', 22, 'kaikhali', '', 'nadim.jpg', '', 'NO'),
(71, 'imran', 'asansol', 'howrah', 'imran.902@gmail.com', '2016-05-09', '12345678', 26, 'ranchi', '', 'default.png', '', 'NO'),
(73, 'imran', 'asansol', 'howrah', 'imran.902@gmail.com', '2016-05-09', '12345678', 26, 'ranchi', '', 'default.png', '', 'NO'),
(76, 'imran', 'asansol', 'howrah', 'imran.902@gmail.com', '2016-05-09', '12345678', 26, 'ranchi', '', 'default.png', '', 'NO'),
(78, 'imran', 'asansol', 'howrah', 'imran.902@gmail.com', '2016-05-09', '12345678', 26, 'ranchi', '', 'default.png', '', 'NO'),
(79, 'imran', 'howrah', 'Birbhum', 'imran.902@gmail.com', '2016-05-03', '12345678', 26, 'ranchi', '', 'default.png', '', 'NO'),
(80, 'imran', 'kolkata', 'kolkata', 'imran.902@gmail.com', '0000-00-00', '12345678', 26, 'ranchi', '', 'default.png', '', 'NO'),
(81, 'imran', 'kolkata', 'kolkata', 'imran.902@gmail.com', '0000-00-00', '12345678', 26, 'ranchi', '', 'default.png', '', 'NO'),
(82, 'nadim', 'howrah', 'howrah', 'nadim', '2016-05-10', '7278833535', 22, 'kaikhali', '', 'nadim.jpg', '', 'NO'),
(83, 'nadim', 'howrah', 'malda', 'nadim', '2016-05-10', '7278833535', 22, 'kaikhali', '', 'nadim.jpg', '', 'NO'),
(84, 'nadim', 'asansol', 'airport', 'nadim', '2016-05-03', '7278833535', 22, 'kaikhali', '', 'nadim.jpg', '', 'NO'),
(85, 'nadim', 'asansol', 'airport', 'nadim', '2016-05-03', '7278833535', 22, 'kaikhali', '', 'nadim.jpg', '', 'NO'),
(86, 'nadim', 'howrah', 'malda', 'nadim', '2016-05-10', '7278833535', 22, 'kaikhali', '', 'nadim.jpg', '', 'NO'),
(93, 'nadim', 'kolkata', 'kolkata', 'nadim', '0000-00-00', '7278833535', 22, 'kaikhali', '', 'nadim.jpg', '', 'NO'),
(96, 'nadim', 'kolkata', 'kolkata', 'nadim', '0000-00-00', '7278833535', 22, 'kaikhali', '', 'nadim.jpg', '', 'NO'),
(99, 'nadim', 'kolkata', 'kolkata', 'nadim', '0000-00-00', '7278833535', 22, 'kaikhali', '', 'nadim.jpg', '', 'NO'),
(100, 'nadim', 'kolkata', 'kolkata', 'nadim', '0000-00-00', '7278833535', 22, 'kaikhali', '', 'nadim.jpg', '', 'NO'),
(114, 'nadim', 'kolkata', 'kolkata', 'nadim', '2016-05-18', '7278833535', 22, 'kaikhali', '', 'nadim.jpg', '', 'NO'),
(115, 'nadim', 'kolkata', 'kolkata', 'nadim', '2016-05-18', '7278833535', 22, 'kaikhali', '', 'nadim.jpg', '', 'NO'),
(116, 'imran', 'asansol', 'asansol', 'imran.902@gmail.com', '0000-00-00', '12345678', 26, 'ranchi', '', 'default.png', '', 'NO'),
(117, 'imran', 'howrah', 'airport', 'imran.902@gmail.com', '2016-05-03', '12345678', 26, 'ranchi', '', 'default.png', '', 'NO'),
(118, 'imran', 'howrah', 'airport', 'imran.902@gmail.com', '2016-05-03', '12345678', 26, 'ranchi', '', 'default.png', '', 'NO'),
(119, 'imran', 'howrah', 'airport', 'imran.902@gmail.com', '2016-05-03', '12345678', 26, 'ranchi', '', 'default.png', '', 'NO'),
(120, 'imran', 'Bankura', 'Cooch Behar', 'imran.902@gmail.com', '2016-05-10', '12345678', 26, 'ranchi', '', 'default.png', '', 'NO'),
(121, 'imran', 'howrah', 'airport', 'imran.902@gmail.com', '2016-05-03', '12345678', 26, 'ranchi', '', 'default.png', '', 'NO'),
(122, 'imran', 'asansol', 'asansol', 'imran.902@gmail.com', '0000-00-00', '12345678', 26, 'ranchi', '', 'default.png', '', 'NO'),
(123, 'imran', 'asansol', 'asansol', 'imran.902@gmail.com', '0000-00-00', '12345678', 26, 'ranchi', '', 'default.png', '', 'NO'),
(124, 'imran', 'asansol', 'asansol', 'imran.902@gmail.com', '0000-00-00', '12345678', 26, 'ranchi', '', 'default.png', '', 'NO'),
(125, 'imran', 'asansol', 'asansol', 'imran.902@gmail.com', '0000-00-00', '12345678', 26, 'ranchi', '', 'default.png', '', 'NO'),
(126, 'imran', 'howrah', 'airport', 'imran.902@gmail.com', '2016-05-03', '12345678', 26, 'ranchi', '', 'default.png', '', 'NO'),
(127, 'imran', 'asansol', 'asansol', 'imran.902@gmail.com', '0000-00-00', '12345678', 26, 'ranchi', '', 'default.png', '', 'NO'),
(130, 'nadim', 'airport', 'howrah', 'nadim', '0000-00-00', '7278833535', 22, 'kaikhali', '', 'nadim.jpg', '', 'NO'),
(131, 'nadim', 'airport', 'howrah', 'nadim', '0000-00-00', '7278833535', 22, 'kaikhali', '', 'nadim.jpg', '', 'NO'),
(132, 'nadim', 'kolkata', 'howrah', 'nadim', '0000-00-00', '7278833535', 22, 'kaikhali', '', 'nadim.jpg', '', 'NO'),
(135, 'nadim', 'asansol', 'howrah', 'nadim', '2016-05-04', '7278833535', 22, 'kaikhali', '', 'nadim.jpg', '', 'NO'),
(147, 'nadim', 'kolkata', 'kolkata', 'nadim', '0000-00-00', '7278833535', 22, 'kaikhali', '', 'nadim.jpg', '', 'NO'),
(149, 'nadim', 'kolkata', 'Birbhum', 'nadim', '2016-05-03', '7278833535', 22, 'kaikhali', '', 'nadim.jpg', '', 'NO'),
(153, 'sarique', 'kolkata', 'howrah', 'NADIM.902@GMAIL.COM', '2016-12-30', '123455', 22, 'kaikhali', '4-wheeler', '', '', 'NO'),
(154, 'asif khan', 'kolkata', 'Birbhum', 'asif.902@gmail.com', '2016-05-03', '9090909009', 26, 'kaikhli mondal ganthi', '', '12.jpg', '', 'NO'),
(155, 'asif khan', 'kolkata', 'Birbhum', 'asif.902@gmail.com', '2016-05-18', '9090909009', 26, 'kaikhli mondal ganthi', '', '12.jpg', '', 'NO'),
(156, 'arif khan', 'kolkata', 'howrah', 'arif.902@gmail.com', '2016-05-13', '123456789', 27, 'kaikhali', '4-wheeler', 'photo3.jpg', '', 'NO'),
(157, 'nadim', 'kolkata', 'Darjeeling', 'nadim', '2016-05-10', '7278833535', 22, 'kaikhali', '', 'nadim.jpg', '', 'NO'),
(158, 'nadim', 'howrah', 'malda', 'nadim', '2016-05-11', '7278833535', 22, 'kaikhali', '', 'nadim.jpg', '', 'NO'),
(160, 'kohli', 'Bankura', 'Birbhum', 'nadim.902@gmail.com', '2016-05-10', '9999999999', 28, 'india', '', 'man_wih_bike6.jpg', '', 'NO'),
(161, 'kohli', 'Bankura', 'Birbhum', 'nadim.902@gmail.com', '2016-05-10', '9999999999', 28, 'india', '', 'man_wih_bike6.jpg', '', 'NO'),
(162, 'kohli', 'airport', 'malda', 'nadim.902@gmail.com', '2016-05-03', '999999999', 28, 'india', '', 'man_wih_bike6.jpg', '', 'YES'),
(164, 'nadim', 'kolkata', 'Cooch Behar', 'nadim', '2016-05-31', '7278833535', 22, 'kaikhali', '', 'nadim.jpg', '', 'NO'),
(165, 'nadim', 'kolkata', 'Cooch Behar', 'nadim', '2016-05-31', '7278833535', 22, 'kaikhali', '', 'nadim.jpg', '', 'NO'),
(171, 'faisal ', 'asansol', 'Bankura', 'faisalnawzsiddiqui@g', '2016-07-21', '123456789', 27, 'ranchi', '', 'man_wih_bike6.jpg', '', 'YES'),
(173, 'siddique', 'kolkata', 'howrah', 'nadim.902@gmail.com', '2017-07-25', '123456', 34, 'sdfghj', '2-wheeler', 'mainLogo.png', '', 'NO'),
(175, 'nadim', 'asansol', 'asansol', 'nadim', '2016-12-31', '7278833535', 22, 'kaikhali', '2-wheeler', 'nadim.jpg', '', 'NO'),
(176, 'nadim', 'asansol', 'asansol', 'nadim', '2016-12-31', '7278833535', 22, 'kaikhali', '2-wheeler', 'nadim.jpg', '', 'NO'),
(177, 'asif khan', 'asansol', 'asansol', 'asif.902@gmail.com', '2016-12-31', '9090909009', 26, 'kaikhli mondal ganthi', '2-wheeler', '12.jpg', '', 'NO'),
(178, 'asif khan', 'asansol', 'asansol', 'asif.902@gmail.com', '2016-12-31', '9090909009', 26, 'kaikhli mondal ganthi', '2-wheeler', '12.jpg', '', 'NO'),
(179, 'asif khan', 'asansol', 'asansol', 'asif.902@gmail.com', '2016-12-31', '9090909009', 26, 'kaikhli mondal ganthi', '2-wheeler', '12.jpg', '', 'NO'),
(180, 'asif khan', 'asansol', 'asansol', 'asif.902@gmail.com', '2016-12-31', '9090909009', 26, 'kaikhli mondal ganthi', '2-wheeler', '12.jpg', '', 'NO'),
(181, 'asif khan', 'asansol', 'asansol', 'asif.902@gmail.com', '2016-12-31', '9090909009', 26, 'kaikhli mondal ganthi', '2-wheeler', '12.jpg', '', 'NO'),
(182, 'asif khan', 'asansol', 'asansol', 'asif.902@gmail.com', '2016-12-31', '9090909009', 26, 'kaikhli mondal ganthi', '2-wheeler', '12.jpg', '', 'NO'),
(183, 'asif khan', 'asansol', 'kolkata', 'asif.902@gmail.com', '2013-02-20', '9090909009', 26, 'kaikhli mondal ganthi', '', '12.jpg', '', 'NO'),
(184, 'asif khan', 'asansol', 'howrah', 'asif.902@gmail.com', '2016-02-20', '9090909009', 26, 'kaikhli mondal ganthi', '', '12.jpg', '', 'NO'),
(185, 'nadim', 'howrah', 'Bardhaman', 'nadim', '2014-02-22', '7278833535', 22, 'kaikhali', '', 'nadim.jpg', '', 'YES'),
(186, 'asif khan', 'howrah', 'Darjeeling', 'asif.902@gmail.com', '2016-09-27', '9090909009', 26, 'kaikhli mondal ganthi', '', '12.jpg', '', 'NO'),
(187, 'asif khan', 'kolkata', 'airport', 'asif.902@gmail.com', '0000-00-00', '9090909009', 26, 'kaikhli mondal ganthi', '', '12.jpg', '', 'NO'),
(188, 'nadim', 'asansol', 'Darjeeling', 'nadim', '2016-06-26', '7278833535', 22, 'kaikhali', '', 'nadim.jpg', '', 'NO'),
(189, 'nadim', 'asansol', 'howrah', 'nadim', '2017-06-26', '7278833535', 22, 'kaikhali', '', 'nadim.jpg', '', 'NO'),
(190, 'nadim', 'asansol', 'howrah', 'nadim', '2015-04-24', '7278833535', 22, 'kaikhali', '', 'nadim.jpg', '', 'NO'),
(191, 'nadim', 'asansol', 'howrah', 'nadim', '2015-04-24', '7278833535', 22, 'kaikhali', '', 'nadim.jpg', '', 'NO'),
(192, 'nadim', 'asansol', 'howrah', 'nadim', '2015-04-24', '7278833535', 22, 'kaikhali', '', 'nadim.jpg', '', 'NO'),
(193, 'nadim', 'asansol', 'howrah', 'nadim', '2015-04-24', '7278833535', 22, 'kaikhali', '', 'nadim.jpg', '', 'NO'),
(194, 'nadim', 'kolkata', 'kolkata', 'nadim', '0000-00-00', '7278833535', 22, 'kaikhali', '', 'nadim.jpg', '', 'NO'),
(195, 'nadim', 'kolkata', 'kolkata', 'nadim', '0000-00-00', '7278833535', 22, 'kaikhali', '', 'nadim.jpg', '', 'NO'),
(196, 'nadim', 'kolkata', 'kolkata', 'nadim', '0000-00-00', '7278833535', 22, 'kaikhali', '', 'nadim.jpg', '', 'NO'),
(197, 'nadim', 'kolkata', 'kolkata', 'nadim', '0000-00-00', '7278833535', 22, 'kaikhali', '', 'nadim.jpg', '', 'NO'),
(198, 'nadim', 'kolkata', 'kolkata', 'nadim', '0000-00-00', '7278833535', 22, 'kaikhali', '', 'nadim.jpg', '', 'NO'),
(199, 'nadim', 'howrah', 'airport', 'nadim', '0000-00-00', '7278833535', 22, 'kaikhali', '', 'nadim.jpg', '', 'NO'),
(200, 'nadim', 'kolkata', 'kolkata', 'nadim', '0000-00-00', '7278833535', 22, 'kaikhali', '', 'nadim.jpg', '', 'NO'),
(201, 'nadim', 'malda', 'howrah', 'nadim', '0000-00-00', '7278833535', 22, 'kaikhali', '', 'nadim.jpg', '', 'NO'),
(202, 'nadim', 'airport', 'asansol', 'nadim', '0000-00-00', '7278833535', 22, 'kaikhali', '', 'nadim.jpg', '', 'NO'),
(203, 'nadim', 'malda', 'howrah', 'nadim', '0000-00-00', '7278833535', 22, 'kaikhali', '', 'nadim.jpg', '', 'NO'),
(204, 'nadim', 'malda', 'Bardhaman', 'nadim', '0000-00-00', '7278833535', 22, 'kaikhali', '', 'nadim.jpg', '', 'NO'),
(205, 'nadim', 'airport', 'malda', 'nadim', '0000-00-00', '7278833535', 22, 'kaikhali', '', 'nadim.jpg', '', 'NO'),
(206, 'nadim', 'airport', 'malda', 'nadim', '0000-00-00', '7278833535', 22, 'kaikhali', '', 'nadim.jpg', '', 'NO'),
(207, 'nadim', 'airport', 'malda', 'nadim', '0000-00-00', '7278833535', 22, 'kaikhali', '', 'nadim.jpg', '', 'NO'),
(208, 'nadim', 'airport', 'Bardhaman', 'nadim', '0000-00-00', '7278833535', 22, 'kaikhali', '', 'nadim.jpg', '', 'NO'),
(209, 'nadim', 'kolkata', 'kolkata', 'nadim', '0000-00-00', '7278833535', 22, 'kaikhali', '', 'nadim.jpg', '', 'NO'),
(210, 'nadim', 'kolkata', 'kolkata', 'nadim', '0000-00-00', '7278833535', 22, 'kaikhali', '', 'nadim.jpg', '', 'NO'),
(211, 'kohli', 'asansol', 'malda', 'nadim.902@gmail.com', '0000-00-00', '999999999', 28, 'india', '', 'man_wih_bike6.jpg', '', 'YES'),
(212, 'nadim', 'howrah', 'Bankura', 'nadim', '0000-00-00', '7278833535', 22, 'kaikhali', '', 'nadim.jpg', '', 'NO'),
(213, 'nadim', 'asansol', 'Cooch Behar', 'nadim', '0000-00-00', '7278833535', 22, 'kaikhali', '', 'nadim.jpg', '', 'NO'),
(214, 'nadim', 'airport', 'Birbhum', 'nadim', '2017-05-26', '7278833535', 22, 'kaikhali', '', 'nadim.jpg', '', 'NO'),
(215, 'nadim', 'kolkata', 'airport', 'nadim', '2016-05-31', '7278833535', 22, 'kaikhali', '', 'nadim.jpg', '', 'NO'),
(216, 'nadim', 'kolkata', 'airport', 'nadim', '2016-05-31', '7278833535', 22, 'kaikhali', '', 'nadim.jpg', '', 'NO'),
(217, 'faisal ', 'asansol', 'Darjeeling', 'faisalnawzsiddiqui@g', '2016-06-22', '123456789', 27, 'ranchi', '', 'man_wih_bike6.jpg', '', 'NO'),
(218, 'faisal ', 'asansol', 'Darjeeling', 'faisalnawzsiddiqui@g', '2016-05-31', '123456789', 27, 'ranchi', '', 'man_wih_bike6.jpg', '', 'NO'),
(219, 'faisal ', 'asansol', 'Darjeeling', 'faisalnawzsiddiqui@g', '2016-05-31', '123456789', 27, 'ranchi', '', 'man_wih_bike6.jpg', '', 'NO'),
(220, 'faisal ', 'kolkata', 'Birbhum', 'faisalnawzsiddiqui@g', '2016-06-29', '123456789', 27, 'ranchi', '', 'man_wih_bike6.jpg', '', 'NO'),
(221, 'faisal ', 'kolkata', 'Birbhum', 'faisalnawzsiddiqui@g', '2016-06-29', '123456789', 27, 'ranchi', '', 'man_wih_bike6.jpg', '', 'NO'),
(222, 'faisal ', 'kolkata', 'Birbhum', 'faisalnawzsiddiqui@g', '2016-06-29', '123456789', 27, 'ranchi', '', 'man_wih_bike6.jpg', '', 'NO'),
(223, 'faisal ', 'kolkata', 'Birbhum', 'faisalnawzsiddiqui@g', '2016-06-29', '123456789', 27, 'ranchi', '', 'man_wih_bike6.jpg', '', 'NO'),
(224, 'faisal ', 'asansol', 'Bankura', 'faisalnawzsiddiqui@g', '2016-05-24', '123456789', 27, 'ranchi', '', 'man_wih_bike6.jpg', '', 'YES'),
(225, 'faisal ', 'malda', 'Cooch Behar', 'faisalnawzsiddiqui@g', '2016-06-30', '123456789', 27, 'ranchi', '', 'man_wih_bike6.jpg', '', 'NO'),
(226, 'faisal ', 'howrah', 'Bardhaman', 'faisalnawzsiddiqui@g', '2016-05-24', '123456789', 27, 'ranchi', '', 'man_wih_bike6.jpg', '', 'NO'),
(227, 'faisal ', 'asansol', 'Darjeeling', 'faisalnawzsiddiqui@g', '2016-05-31', '123456789', 27, 'ranchi', '', 'man_wih_bike6.jpg', '', 'NO'),
(228, 'faisal ', 'asansol', 'Birbhum', 'faisalnawzsiddiqui@g', '2016-05-31', '123456789', 27, 'ranchi', '', 'man_wih_bike6.jpg', '', 'NO'),
(229, 'faisal ', 'airport', 'Darjeeling', 'faisalnawzsiddiqui@g', '2016-06-28', '123456789', 27, 'ranchi', '', 'man_wih_bike6.jpg', '', 'NO'),
(230, 'faisal ', 'howrah', 'Darjeeling', 'faisalnawzsiddiqui@g', '2016-05-25', '123456789', 27, 'ranchi', '', 'man_wih_bike6.jpg', '', 'NO'),
(231, 'faisal ', 'airport', 'Birbhum', 'faisalnawzsiddiqui@g', '2016-05-31', '123456789', 27, 'ranchi', '', 'man_wih_bike6.jpg', '', 'NO'),
(232, 'faisal ', 'airport', 'Birbhum', 'faisalnawzsiddiqui@g', '2016-05-30', '123456789', 27, 'ranchi', '', 'man_wih_bike6.jpg', '', 'NO'),
(233, 'faisal ', 'howrah', 'Darjeeling', 'faisalnawzsiddiqui@g', '2016-05-29', '123456789', 27, 'ranchi', '', 'man_wih_bike6.jpg', '', 'NO'),
(234, 'faisal ', 'howrah', 'Bankura', 'faisalnawzsiddiqui@g', '2016-05-31', '123456789', 27, 'ranchi', '', 'man_wih_bike6.jpg', '', 'NO'),
(235, 'faisal ', 'howrah', 'Bankura', 'faisalnawzsiddiqui@g', '2016-05-31', '123456789', 27, 'ranchi', '', 'man_wih_bike6.jpg', '', 'NO'),
(236, 'faisal ', 'howrah', 'Birbhum', 'faisalnawzsiddiqui@g', '2016-05-24', '123456789', 27, 'ranchi', '', 'man_wih_bike6.jpg', '', 'NO'),
(237, 'faisal ', 'howrah', 'Birbhum', 'faisalnawzsiddiqui@g', '2016-05-24', '123456789', 27, 'ranchi', '', 'man_wih_bike6.jpg', '', 'NO'),
(238, 'faisal ', 'asansol', 'Darjeeling', 'faisalnawzsiddiqui@g', '2016-05-31', '123456789', 27, 'ranchi', '', 'man_wih_bike6.jpg', '', 'NO'),
(239, 'faisal ', 'asansol', 'Darjeeling', 'faisalnawzsiddiqui@g', '2016-05-31', '123456789', 27, 'ranchi', '', 'man_wih_bike6.jpg', '', 'NO'),
(240, 'faisal ', 'asansol', 'Darjeeling', 'faisalnawzsiddiqui@g', '2016-05-31', '123456789', 27, 'ranchi', '', 'man_wih_bike6.jpg', '', 'NO'),
(241, 'faisal ', 'asansol', 'Darjeeling', 'faisalnawzsiddiqui@g', '2016-05-31', '123456789', 27, 'ranchi', '', 'man_wih_bike6.jpg', '', 'NO'),
(242, 'faisal ', 'asansol', 'Darjeeling', 'faisalnawzsiddiqui@g', '2016-05-31', '123456789', 27, 'ranchi', '', 'man_wih_bike6.jpg', '', 'NO'),
(243, 'faisal ', 'asansol', 'Darjeeling', 'faisalnawzsiddiqui@g', '2016-05-31', '123456789', 27, 'ranchi', '', 'man_wih_bike6.jpg', '', 'NO'),
(244, 'faisal ', 'asansol', 'Darjeeling', 'faisalnawzsiddiqui@g', '2016-05-31', '123456789', 27, 'ranchi', '', 'man_wih_bike6.jpg', '', 'NO'),
(245, 'faisal ', 'asansol', 'Darjeeling', 'faisalnawzsiddiqui@g', '2016-05-31', '123456789', 27, 'ranchi', '', 'man_wih_bike6.jpg', '', 'NO'),
(246, 'faisal ', 'asansol', 'Darjeeling', 'faisalnawzsiddiqui@g', '2016-05-31', '123456789', 27, 'ranchi', '', 'man_wih_bike6.jpg', '', 'NO'),
(247, 'faisal ', 'kolkata', 'Bankura', 'faisalnawzsiddiqui@g', '0000-00-00', '123456789', 27, 'ranchi', '', 'man_wih_bike6.jpg', '', 'NO'),
(248, 'faisal ', 'kolkata', 'Bankura', 'faisalnawzsiddiqui@g', '0000-00-00', '123456789', 27, 'ranchi', '', 'man_wih_bike6.jpg', '', 'YES'),
(249, 'faisal ', 'kolkata', 'Bankura', 'faisalnawzsiddiqui@g', '0000-00-00', '123456789', 27, 'ranchi', '', 'man_wih_bike6.jpg', '', 'NO'),
(250, 'faisal ', 'kolkata', 'Darjeeling', 'faisalnawzsiddiqui@g', '2016-06-21', '123456789', 27, 'ranchi', '', 'man_wih_bike6.jpg', '', 'YES'),
(251, 'faisal ', 'kolkata', 'Darjeeling', 'faisalnawzsiddiqui@g', '2016-06-21', '123456789', 27, 'ranchi', '', 'man_wih_bike6.jpg', '', 'YES'),
(252, 'faisal ', 'howrah', 'kolkata', 'faisalnawzsiddiqui@g', '2016-05-25', '123456789', 27, 'ranchi', '', 'man_wih_bike6.jpg', '', 'NO'),
(253, 'faisal ', 'kolkata', 'Cooch Behar', 'faisalnawzsiddiqui@g', '2016-06-29', '123456789', 27, 'ranchi', '', 'man_wih_bike6.jpg', '', 'NO'),
(254, 'faisal ', 'kolkata', 'howrah', 'faisalnawzsiddiqui@g', '2016-06-17', '123456789', 27, 'ranchi', '', 'man_wih_bike6.jpg', '', 'NO'),
(255, 'faisal ', 'kolkata', 'howrah', 'faisalnawzsiddiqui@g', '2016-06-17', '123456789', 27, 'ranchi', '', 'man_wih_bike6.jpg', '', 'NO'),
(256, 'faisal ', 'kolkata', 'howrah', 'faisalnawzsiddiqui@g', '2016-06-17', '123456789', 27, 'ranchi', '', 'man_wih_bike6.jpg', '', 'NO'),
(257, 'faisal ', 'kolkata', 'howrah', 'faisalnawzsiddiqui@g', '2016-06-17', '123456789', 27, 'ranchi', '', 'man_wih_bike6.jpg', '', 'NO'),
(258, 'faisal ', 'kolkata', 'howrah', 'faisalnawzsiddiqui@g', '2016-06-17', '123456789', 27, 'ranchi', '', 'man_wih_bike6.jpg', '', 'NO'),
(259, 'faisal ', 'kolkata', 'howrah', 'faisalnawzsiddiqui@g', '2016-06-17', '123456789', 27, 'ranchi', '', 'man_wih_bike6.jpg', '', 'NO'),
(260, 'faisal ', 'kolkata', 'Birbhum', 'faisalnawzsiddiqui@g', '0000-00-00', '123456789', 27, 'ranchi', '', 'man_wih_bike6.jpg', '', 'NO'),
(261, 'nadim', 'asansol', 'malda', 'nadim', '0000-00-00', '7278833535', 22, 'kaikhali', '', 'nadim.jpg', '', 'NO'),
(262, 'nadim', 'asansol', 'Bankura', 'nadim', '2016-06-28', '7278833535', 22, 'kaikhali', '', 'nadim.jpg', '', 'YES'),
(263, 'nadim', 'asansol', 'airport', 'nadim', '2016-06-30', '7278833535', 22, 'kaikhali', '', 'nadim.jpg', '', 'NO'),
(264, 'asif khan', 'asansol', 'Bankura', 'asif.902@gmail.com', '2016-06-27', '90123456', 26, 'koikhali', '', 'nitesh.jpg', '', 'NO'),
(265, 'nadim', 'kolkata', 'airport', 'nadim', '2016-06-29', '7278833535', 22, 'kaikhali', '', 'nadim.jpg', '', 'NO'),
(266, 'nadim', 'kolkata', 'airport', 'nadim', '2016-06-29', '7278833535', 22, 'kaikhali', '', 'nadim.jpg', '', 'NO'),
(267, 'faisal ', 'howrah', 'Bankura', 'faisalnawzsiddiqui@g', '2016-06-28', '123456789', 27, 'ranchi', '', 'man_wih_bike6.jpg', '', 'NO'),
(268, 'nadim', 'asansol', 'Bankura', 'nadim', '2016-06-28', '7278833535', 22, 'kaikhali', '', 'nadim.jpg', '', 'NO'),
(269, 'nadim', 'kolkata', 'howrah', 'nadim', '2016-06-08', '7278833535', 22, 'kaikhali', '2-wheeler', 'nadim.jpg', '', 'NO'),
(270, 'almas', 'Select Source', 'Select Source', 'sarique.902@gmail.com', '0000-00-00', '678', 55, 'kjhf', '2-wheeler', 'default.png', '', 'NO'),
(271, 'almas', 'Select Source', 'Select Source', 'sarique.902@gmail.com', '0000-00-00', '678', 55, 'kjhf', '2-wheeler', 'default.png', '', 'NO'),
(272, 'almas', 'Select Source', 'Select Source', 'sarique.902@gmail.com', '0000-00-00', '678', 55, 'kjhf', '2-wheeler', 'default.png', '', 'NO'),
(273, 'almas', 'Select Source', 'Select Source', 'sarique.902@gmail.com', '0000-00-00', '678', 55, 'kjhf', '2-wheeler', 'default.png', '', 'NO'),
(274, 'almas', 'Select Source', 'Select Source', 'sarique.902@gmail.com', '0000-00-00', '678', 55, 'kjhf', '2-wheeler', 'default.png', '', 'NO'),
(275, 'almas', '', '', 'sarique.902@gmail.com', '0000-00-00', '678', 55, 'kjhf', '2-wheeler', 'default.png', '', 'NO'),
(276, 'nadim', 'asansol', 'Birbhum', 'nadim', '2016-06-29', '7278833535', 22, 'kaikhali', '', 'nadim.jpg', '', 'NO'),
(277, 'almas', 'airport', 'Cooch Behar', 'sarique.902@gmail.com', '2016-06-29', '678', 55, 'kjhf', '', 'default.png', '', 'NO'),
(278, 'almas', 'airport', 'Cooch Behar', 'sarique.902@gmail.com', '2016-06-29', '678', 55, 'kjhf', '', 'default.png', '', 'NO'),
(279, 'almas', 'airport', 'Cooch Behar', 'sarique.902@gmail.com', '2016-06-29', '678', 55, 'kjhf', '', 'default.png', '', 'NO'),
(280, 'almas', 'airport', 'Cooch Behar', 'sarique.902@gmail.com', '2016-06-29', '678', 55, 'kjhf', '', 'default.png', '', 'NO'),
(281, 'almas', 'airport', 'Cooch Behar', 'sarique.902@gmail.com', '2016-06-29', '678', 55, 'kjhf', '', 'default.png', '', 'NO'),
(282, 'almas', 'airport', 'Cooch Behar', 'sarique.902@gmail.com', '2016-06-29', '678', 55, 'kjhf', '', 'default.png', '', 'NO'),
(283, 'almas', 'airport', 'Cooch Behar', 'sarique.902@gmail.com', '2016-06-29', '678', 55, 'kjhf', '', 'default.png', '', 'NO'),
(284, 'almas', 'asansol', 'Bankura', 'sarique.902@gmail.com', '2016-06-28', '678', 55, 'kjhf', '', 'default.png', '', 'NO'),
(285, 'almas', 'asansol', 'Bankura', 'sarique.902@gmail.com', '2016-06-28', '678', 55, 'kjhf', '', 'default.png', '', 'NO'),
(286, 'almas', 'kolkata', 'hooghly', 'sarique.902@gmail.com', '2016-06-28', '678', 55, 'kjhf', '', 'default.png', '', 'NO'),
(287, 'almas', 'howrah', 'Bardhaman', 'sarique.902@gmail.com', '2016-06-29', '678', 55, 'kjhf', '', 'default.png', '', 'NO'),
(288, 'almas', 'asansol', 'Bardhaman', 'sarique.902@gmail.com', '2016-06-29', '678', 55, 'kjhf', '', 'default.png', '', 'NO'),
(289, 'almas', 'kolkata', 'airport', 'sarique.902@gmail.com', '2016-06-28', '678', 55, 'kjhf', '', 'default.png', '', 'NO'),
(290, 'almas', 'kolkata', 'airport', 'sarique.902@gmail.com', '2016-06-28', '678', 55, 'kjhf', '', 'default.png', '', 'NO'),
(291, 'almas', 'asansol', 'hooghly', 'sarique.902@gmail.com', '2016-06-29', '678', 55, 'kjhf', '', 'default.png', '', 'NO'),
(292, 'almas', 'kolkata', 'hooghly', 'sarique.902@gmail.com', '2016-06-28', '678', 55, 'kjhf', '', 'default.png', '', 'NO'),
(293, 'almas', 'kolkata', 'hooghly', 'sarique.902@gmail.com', '2016-06-28', '678', 55, 'kjhf', '', 'default.png', '', 'NO'),
(294, 'almas', 'kolkata', 'hooghly', 'sarique.902@gmail.com', '2016-06-28', '678', 55, 'kjhf', '', 'default.png', '', 'NO'),
(295, 'pervez', 'asansol', 'hooghly', 'pervez@gmail.com', '2016-06-27', '12345678', 24, 'qwert1', '', 'bika.jpg', '', 'NO'),
(296, 'almas', 'asansol', 'nadia', 'sarique.902@gmail.com', '2016-06-28', '678', 55, 'kjhf', '', 'default.png', '', 'NO'),
(297, 'almas', 'asansol', 'airport', 'sarique.902@gmail.com', '2016-06-28', '678', 55, 'kjhf', '', 'default.png', '', 'NO'),
(298, 'nadim', 'asansol', 'Bankura', 'nadim', '2016-06-28', '7278833535', 22, 'kaikhali', '', 'nadim.jpg', '', 'NO'),
(299, 'kohli', 'asansol', 'malda', 'nadim.902@gmail.com', '2016-06-28', '999999999', 28, 'india', '', 'man_wih_bike6.jpg', '', 'NO'),
(300, 'almas', 'asansol', 'nadia', 'sarique.902@gmail.com', '2016-06-28', '678', 55, 'kjhf', '', 'default.png', '', 'NO'),
(301, 'almas', 'kolkata', 'hooghly', 'sarique.902@gmail.com', '2016-06-27', '678', 55, 'kjhf', '', 'default.png', '', 'NO'),
(302, 'almas', 'kolkata', 'hooghly', 'sarique.902@gmail.com', '2016-06-21', '678', 55, 'kjhf', '', 'default.png', '', 'NO'),
(303, 'almas', 'kolkata', 'nadia', 'sarique.902@gmail.com', '2016-06-27', '678', 55, 'kjhf', '', 'default.png', '', 'NO'),
(304, 'nadim', 'kolkata', 'hooghly', 'nadim', '2016-06-28', '7278833535', 22, 'kaikhali', '', 'nadim.jpg', '', 'YES');

-- --------------------------------------------------------

--
-- Table structure for table `feedbacks`
--

CREATE TABLE IF NOT EXISTS `feedbacks` (
  `name` text NOT NULL,
  `email` varchar(30) NOT NULL,
  `massage` varchar(500) NOT NULL
) ENGINE=InnoDB DEFAULT CHARSET=latin1;

--
-- Dumping data for table `feedbacks`
--

INSERT INTO `feedbacks` (`name`, `email`, `massage`) VALUES
('nadim', 'nadim.902@gmail.com', 'this is my first feedback'),
('nadim', 'nadim.902@gmail.com', 'this is my first feedback'),
('beauty', 'bika@gmail.com', 'your site soooooooooooo good'),
('almas', 'sarique.902@gmail.com', 'this site too usefull'),
('almas', 'sarique.902@gmail.com', 'this site too usefull'),
('almas', 'sarique.902@gmail.com', 'this site too usefull'),
('almas', 'sarique.902@gmail.com', 'this site too usefull'),
('almas', 'sarique.902@gmail.com', 'this site too usefull'),
('almas', 'sarique.902@gmail.com', 'this site too usefull'),
('almas', 'sarique.902@gmail.com', 'very good for normal person'),
('almas', 'sarique.902@gmail.com', 'very good for normal person');

-- --------------------------------------------------------

--
-- Table structure for table `history`
--

CREATE TABLE IF NOT EXISTS `history` (
  `Journey_id` int(11) NOT NULL AUTO_INCREMENT,
  `driver` text NOT NULL,
  `passenger` text NOT NULL,
  `Date` date NOT NULL,
  `source` text NOT NULL,
  `destination` text NOT NULL,
  `vehicle` text NOT NULL,
  PRIMARY KEY (`Journey_id`)
) ENGINE=InnoDB  DEFAULT CHARSET=latin1 AUTO_INCREMENT=58 ;

--
-- Dumping data for table `history`
--

INSERT INTO `history` (`Journey_id`, `driver`, `passenger`, `Date`, `source`, `destination`, `vehicle`) VALUES
(1, 'nadim', 'nabanita', '0000-00-00', 'asansol', 'kolkata', '2-wheelar'),
(2, 'mayank', 'bikashita', '2016-03-09', 'howrah', 'rajarhat', '4-wheeler'),
(3, 'kamalika', 'nadim', '2016-03-16', 'rajarhat', 'asansol', '2-wheelar'),
(4, 'nabanita', 'mayank', '2016-03-10', 'kolkata', 'rajarhat', '4-wheeler'),
(5, 'imran', 'imran', '2016-03-09', 'howrah', 'asansol', ''),
(6, 'imran', 'imran', '2016-03-09', 'howrah', 'asansol', ''),
(7, 'nadim', 'bika', '0000-00-00', 'kolkata', 'kolkata', ''),
(8, 'nitesh', 'nadim', '2016-03-12', 'kolkata', 'asansol', ''),
(9, 'nadim', 'nadim', '0000-00-00', 'kolkata', 'kolkata', ''),
(10, 'nadim', 'almas', '2016-12-30', 'howrah', 'airport', ''),
(11, 'nadim', 'imran', '0000-00-00', 'kolkata', 'kolkata', ''),
(12, 'imran', 'nadim', '0000-00-00', 'kolkata', 'kolkata', ''),
(13, 'nadim', 'imran', '0000-00-00', 'kolkata', 'kolkata', ''),
(14, 'imran', 'nadim', '0000-00-00', 'kolkata', 'kolkata', ''),
(15, 'nadim', 'imran', '0000-00-00', 'asansol', 'howrah', ''),
(16, 'imran', 'nadim', '0000-00-00', 'asansol', 'howrah', ''),
(17, 'nadim', 'imran', '0000-00-00', 'asansol', 'howrah', ''),
(18, 'imran', 'nadim', '0000-00-00', 'asansol', 'howrah', ''),
(19, 'nadim', 'kohli', '2016-06-28', ' asansol', 'Bankura', ''),
(20, 'nadim', 'kohli', '2016-06-28', ' asansol', 'Bankura', ''),
(21, 'faisal', 'almas', '2016-06-30', ' malda', 'Cooch Behar', ''),
(22, 'faisal', 'kohli', '2016-06-17', ' kolkata', 'howrah', ''),
(23, 'faisal', 'almas', '2016-06-30', ' malda', 'Cooch Behar', ''),
(24, 'nadim', 'kohli', '2016-06-28', ' asansol', 'Bankura', ''),
(25, 'nadim', 'kohli', '2016-06-30', ' asansol', 'airport', ''),
(26, 'nadim', 'kohli', '2016-06-28', ' asansol', 'Bankura', ''),
(27, 'nadim', 'kohli', '2016-06-28', ' asansol', 'Bankura', ''),
(28, 'nadim', 'kohli', '2016-04-04', ' asansol', 'airport', ''),
(29, 'nadim', 'kohli', '2016-04-04', ' asansol', 'airport', ''),
(30, 'nadim', 'kohli', '2016-04-04', ' asansol', 'airport', ''),
(31, 'faisal', 'almas', '2016-06-28', ' airport', 'Darjeeling', ''),
(32, 'faisal', 'almas', '2016-06-28', ' airport', 'Darjeeling', ''),
(33, 'faisal', 'almas', '2016-06-28', ' airport', 'Darjeeling', ''),
(34, 'faisal', 'almas', '2016-06-28', ' airport', 'Darjeeling', ''),
(35, 'faisal', 'almas', '2016-06-28', ' airport', 'Darjeeling', ''),
(36, 'faisal', 'almas', '2016-06-28', ' airport', 'Darjeeling', ''),
(37, 'faisal', 'almas', '2016-06-28', ' airport', 'Darjeeling', ''),
(38, 'faisal', 'almas', '2016-06-28', ' airport', 'Darjeeling', ''),
(39, 'faisal', 'almas', '2016-06-28', ' airport', 'Darjeeling', ''),
(40, 'nadim', 'kohli', '2016-06-28', ' asansol', 'Bankura', ''),
(41, 'nadim', 'kohli', '2016-06-28', ' asansol', 'Bankura', ''),
(42, '', 'kohli', '2016-06-28', ' asansol', 'Bankura', ''),
(43, 'almas', 'pervez', '2016-06-28', ' kolkata', 'hooghly', ''),
(44, 'almas', 'pervez', '2016-06-28', ' kolkata', 'hooghly', ''),
(45, 'nadim', 'kohli', '2016-04-04', ' asansol', 'airport', ''),
(46, 'nadim', 'kohli', '2016-04-04', ' asansol', 'airport', ''),
(47, 'nadim', 'kohli', '2016-04-04', ' asansol', 'airport', ''),
(48, 'nadim', 'kohli', '2016-04-04', ' asansol', 'airport', ''),
(49, 'kohli', 'nadim', '0000-00-00', ' asansol', 'malda', ''),
(50, 'kohli', 'nadim', '0000-00-00', ' asansol', 'malda', ''),
(51, 'nadim', 'kohli', '2016-06-28', ' asansol', 'Bankura', ''),
(52, 'nadim', 'kohli', '2016-06-28', ' asansol', 'Bankura', ''),
(53, 'kohli', 'almas', '2016-06-28', ' asansol', 'malda', ''),
(54, 'kohli', 'almas', '2016-06-28', ' asansol', 'malda', ''),
(55, 'nadim', 'almas', '2016-06-28', ' kolkata', 'hooghly', ''),
(56, 'nadim', 'almas', '2016-06-28', ' kolkata', 'hooghly', ''),
(57, 'nadim', 'almas', '2016-06-28', ' kolkata', 'hooghly', '');

-- --------------------------------------------------------

--
-- Table structure for table `locations`
--

CREATE TABLE IF NOT EXISTS `locations` (
  `Locations_name` varchar(20) NOT NULL,
  `Locations_id` int(10) NOT NULL DEFAULT '0',
  `Locations_pin` varchar(15) NOT NULL,
  PRIMARY KEY (`Locations_id`)
) ENGINE=InnoDB DEFAULT CHARSET=latin1;

--
-- Dumping data for table `locations`
--

INSERT INTO `locations` (`Locations_name`, `Locations_id`, `Locations_pin`) VALUES
('kolkata', 0, '700052'),
('asansol', 1, ' 713301'),
('howrah', 2, '711101'),
('airport', 3, '700000'),
('malda', 4, '732101'),
('Bankura', 5, '722144'),
('Bardhaman', 6, '713144'),
('Cooch Behar', 7, '736156'),
('Birbhum', 8, '	731303'),
('Darjeeling', 9, '734301'),
('nadia', 10, '700077'),
('hooghly', 11, '740052');

-- --------------------------------------------------------

--
-- Table structure for table `massages`
--

CREATE TABLE IF NOT EXISTS `massages` (
  `massage_id` int(11) NOT NULL AUTO_INCREMENT,
  `request_id` int(11) NOT NULL,
  `journey_id` int(11) NOT NULL,
  `sender` text NOT NULL,
  `receiver` text NOT NULL,
  `massage` varchar(500) NOT NULL,
  `time` timestamp NOT NULL DEFAULT CURRENT_TIMESTAMP,
  `seen` varchar(10) NOT NULL DEFAULT 'NO',
  PRIMARY KEY (`massage_id`)
) ENGINE=InnoDB  DEFAULT CHARSET=latin1 AUTO_INCREMENT=38 ;

--
-- Dumping data for table `massages`
--

INSERT INTO `massages` (`massage_id`, `request_id`, `journey_id`, `sender`, `receiver`, `massage`, `time`, `seen`) VALUES
(5, 48, 248, 'faisal', 'nadim', 'faisal Reject your request so kindly send requst to some one else ', '2016-05-29 09:46:03', 'YES'),
(6, 48, 248, 'faisal', 'nadim', 'faisal Reject your request so kindly send requst to some one else ', '2016-05-29 09:46:15', 'YES'),
(7, 15, 224, 'faisal', 'kohli', 'faisal Reject your request so kindly send requst to some one else ', '2016-05-29 09:47:26', 'YES'),
(12, 1, 211, 'kohli', 'nadim', 'kohli  \n rejected your request to journey with you \n \n			       on  0000-00-00 from  asansol to  ma', '2016-05-29 15:55:25', 'YES'),
(16, 1, 211, 'kohli', 'nadim', 'kohli  \n accepted your request to journey with you \n \r\n			        on  0000-00-00 from  asansol to  m', '2016-05-29 16:19:03', 'YES'),
(18, 29, 110, 'mayank', 'faisal', 'mayank  \n accepted your request to journey with you \n \n			        on  2016-03-09 from  kolkata to  howrah \n contact him ,his phone number is 123456789 ', '2016-05-29 16:44:17', 'YES'),
(19, 29, 110, 'mayank', 'faisal', 'mayank  \n accepted your request to journey with you \n \n			        on  2016-03-09 from  kolkata to  howrah \n contact him ,his phone number is 123456789 ', '2016-05-29 16:44:18', 'YES'),
(20, 49, 251, 'faisal', 'nadim', 'faisal  \n accepted your request to journey with you  on  2016-06-21 from  kolkata to  Darjeeling \n contact him ,his phone number is 7278833535 ', '2016-05-29 19:00:48', 'YES'),
(21, 58, 217, 'faisal', 'nadim', 'faisal  \n rejected your request to journey with you \n on  2016-06-22 from  asansol to  Darjeeling \n so kindly send request to some one else ', '2016-05-29 19:01:20', 'YES'),
(22, 61, 372, 'asif khan', 'faisal', 'asif khan  \n rejected your request to journey with you \n \r\n			       on  0000-00-00 from  howrah to  Bankura \n so kindly send request to some one else ', '2016-05-29 20:29:02', 'YES'),
(23, 61, 372, 'asif khan', 'faisal', 'asif khan  \n rejected your request to journey with you \n \r\n			       on  0000-00-00 from  howrah to  Bankura \n so kindly send request to some one else ', '2016-05-29 20:29:32', 'YES'),
(24, 61, 372, 'asif khan', 'faisal', 'asif khan  \n rejected your request to journey with you \n \r\n			       on  0000-00-00 from  howrah to  Bankura \n so kindly send request to some one else ', '2016-05-29 20:37:22', 'YES'),
(25, 42, 228, 'faisal', 'nadim', 'faisal  \n rejected your request to journey with you \n \r\n			       on  2016-05-31 from  asansol to  Birbhum \n so kindly send request to some one else ', '2016-05-29 21:20:52', 'YES'),
(26, 66, 254, 'faisal', 'kohli', 'faisal  \n rejected your request to journey with you \n \r\n			       on  2016-06-17 from  kolkata to  howrah \n so kindly send request to some one else ', '2016-05-29 21:23:35', 'YES'),
(27, 67, 250, 'faisal', 'nadim', 'faisal  \n accepted your request to journey with you \n \r\n			        on  2016-06-21 from  kolkata to  Darjeeling \n contact him ,his \n phone number is 7278833535 ', '2016-05-30 09:35:00', 'YES'),
(28, 74, 262, 'nadim', 'kohli', 'nadim  \n accepted your request to journey with you \n \r\n			        on  2016-06-28 from  asansol to  Bankura \n contact him ,his \n phone number is 999999999 ', '2016-06-04 16:24:35', 'YES'),
(29, 74, 262, 'nadim', 'kohli', 'nadim  \n accepted your request to journey with you \n \r\n			        on  2016-06-28 from  asansol to  Bankura \n contact him ,his \n phone number is 999999999 ', '2016-06-06 05:34:16', 'YES'),
(30, 85, 229, 'faisal', 'almas', 'faisal  \n rejected your request to journey with you \n \r\n			       on  2016-06-28 from  airport to  Darjeeling \n so kindly send request to some one else ', '2016-06-07 10:47:56', 'YES'),
(31, 85, 229, 'faisal', 'almas', 'faisal  \n rejected your request to journey with you \n \r\n			       on  2016-06-28 from  airport to  Darjeeling \n so kindly send request to some one else ', '2016-06-07 10:49:02', 'YES'),
(32, 74, 262, 'nadim', 'kohli', 'nadim  \n accepted your request to journey with you \n \r\n			        on  2016-06-28 from  asansol to  Bankura \n contact him ,his \n phone number is 999999999 ', '2016-06-07 10:51:07', 'YES'),
(33, 99, 286, 'almas', 'pervez', 'almas  \n rejected your request to journey with you \n \r\n			       on  2016-06-28 from  kolkata to  hooghly \n so kindly send request to some one else ', '2016-06-09 20:38:27', 'NO'),
(34, 102, 391, 'nadim', 'kohli', 'nadim  \n accepted your request to journey with you \n \r\n			        on  0000-00-00 from  asansol to  malda \n contact him ,his \n phone number is 999999999 ', '2016-06-09 20:48:26', 'NO'),
(35, 74, 262, 'nadim', 'kohli', 'nadim  \n accepted your request to journey with you \n \r\n			        on  2016-06-28 from  asansol to  Bankura \n contact him ,his \n phone number is 999999999 ', '2016-06-09 20:49:20', 'NO'),
(36, 104, 299, 'kohli', 'almas', 'kohli  \n rejected your request to journey with you \n \r\n			       on  2016-06-28 from  asansol to  malda \n so kindly send request to some one else ', '2016-06-10 06:26:36', 'NO'),
(37, 106, 304, 'nadim', 'almas', 'nadim  \n accepted your request to journey with you \n \r\n			        on  2016-06-28 from  kolkata to  hooghly \n contact him ,his \n phone number is 678 ', '2016-06-10 09:52:33', 'NO');

-- --------------------------------------------------------

--
-- Table structure for table `notification`
--

CREATE TABLE IF NOT EXISTS `notification` (
  `receiver` text NOT NULL,
  `sender` text NOT NULL,
  `journey_id` int(11) NOT NULL,
  `request_id` int(10) NOT NULL,
  `time` timestamp NOT NULL DEFAULT CURRENT_TIMESTAMP,
  `massage` varchar(100) NOT NULL,
  `seen` varchar(12) NOT NULL DEFAULT 'NO'
) ENGINE=InnoDB DEFAULT CHARSET=latin1;

--
-- Dumping data for table `notification`
--

INSERT INTO `notification` (`receiver`, `sender`, `journey_id`, `request_id`, `time`, `massage`, `seen`) VALUES
('faisal ', 'nadim', 228, 42, '2016-05-28 19:26:58', 'nadim request lift from you', 'YES'),
('rahul', 'nadim', 12, 43, '2016-05-28 19:29:05', 'nadim request lift from you', 'NO'),
('faisal ', 'nadim', 248, 48, '2016-05-29 09:31:35', 'nadim request lift from you', 'YES'),
('faisal ', 'nadim', 251, 49, '2016-05-29 16:22:56', 'nadim request lift from you', 'YES'),
('faisal ', 'nadim', 251, 49, '2016-05-29 16:23:20', 'nadim request lift from you', 'YES'),
('faisal ', 'nadim', 251, 49, '2016-05-29 16:24:40', 'nadim request lift from you', 'YES'),
('faisal ', 'nadim', 251, 49, '2016-05-29 16:24:46', 'nadim request lift from you', 'YES'),
('faisal ', 'nadim', 251, 49, '2016-05-29 16:25:01', 'nadim request lift from you', 'YES'),
('asif khan', 'nadim', 264, 54, '2016-05-29 16:25:40', 'nadim request lift from you', 'YES'),
('faisal ', 'nadim', 228, 42, '2016-05-29 16:30:09', 'nadim request lift from you', 'YES'),
('', 'nadim', 0, 57, '2016-05-29 16:37:39', 'nadim request lift from you', 'NO'),
('faisal ', 'nadim', 217, 58, '2016-05-29 16:40:29', 'nadim request lift from you', 'YES'),
('faisal ', 'nadim', 217, 58, '2016-05-29 16:40:42', 'nadim request lift from you', 'YES'),
('faisal ', 'kohli', 254, 66, '2016-05-29 21:18:22', 'kohli request lift from you', 'YES'),
('faisal ', 'nadim', 250, 67, '2016-05-30 09:33:09', 'nadim request lift from you', 'YES'),
('faisal ', 'nadim', 250, 67, '2016-05-30 09:33:53', 'nadim request lift from you', 'YES'),
('faisal ', 'nadim', 250, 67, '2016-05-30 09:34:04', 'nadim request lift from you', 'YES'),
('nadim', 'kohli', 149, 72, '2016-05-30 16:52:59', 'kohli request lift from you', 'YES'),
('nadim', 'kohli', 263, 73, '2016-05-30 16:57:01', 'kohli request lift from you', 'YES'),
('nadim', 'kohli', 212, 76, '2016-05-31 06:34:10', 'kohli request lift from you that you \n wish to offer from  howrah to \n Bankura on \r\n	 0000-00-00 by ', 'YES'),
('faisal ', 'almas', 225, 82, '2016-06-04 17:14:40', 'almas request lift from you that you \n wish to offer from  malda to \n Cooch Behar on \r\n	 2016-06-30 ', 'YES'),
('faisal ', 'kohli', 257, 84, '2016-06-04 17:19:46', 'kohli request lift from you that you \n wish to offer from  kolkata to \n howrah on \r\n	 2016-06-17 by ', 'YES'),
('faisal ', 'almas', 229, 85, '2016-06-05 09:55:30', 'almas request lift from you that you \n wish to offer from  airport to \n Darjeeling on \r\n	 2016-06-28', 'YES'),
('faisal ', 'almas', 229, 85, '2016-06-05 10:04:10', 'almas request lift from you that you \n wish to offer from  airport to \n Darjeeling on \r\n	 2016-06-28', 'YES'),
('faisal ', 'almas', 229, 85, '2016-06-05 10:04:29', 'almas request lift from you that you \n wish to offer from  airport to \n Darjeeling on \r\n	 2016-06-28', 'YES'),
('faisal ', 'almas', 229, 85, '2016-06-05 10:04:40', 'almas request lift from you that you \n wish to offer from  airport to \n Darjeeling on \r\n	 2016-06-28', 'YES'),
('faisal ', 'almas', 229, 85, '2016-06-05 10:04:50', 'almas request lift from you that you \n wish to offer from  airport to \n Darjeeling on \r\n	 2016-06-28', 'YES'),
('faisal ', 'almas', 229, 85, '2016-06-05 10:05:16', 'almas request lift from you that you \n wish to offer from  airport to \n Darjeeling on \r\n	 2016-06-28', 'YES'),
('faisal ', 'almas', 229, 85, '2016-06-05 10:05:23', 'almas request lift from you that you \n wish to offer from  airport to \n Darjeeling on \r\n	 2016-06-28', 'YES'),
('faisal ', 'almas', 229, 85, '2016-06-05 10:09:39', 'almas request lift from you that you \n wish to offer from  airport to \n Darjeeling on \r\n	 2016-06-28', 'YES'),
('faisal ', 'almas', 229, 85, '2016-06-05 10:10:18', 'almas request lift from you that you \n wish to offer from  airport to \n Darjeeling on \r\n	 2016-06-28', 'YES'),
('faisal ', 'almas', 229, 85, '2016-06-05 10:12:10', 'almas request lift from you that you \n wish to offer from  airport to \n Darjeeling on \r\n	 2016-06-28', 'YES'),
('nadim', 'faisal', 46, 70, '2016-06-06 05:33:47', 'faisal request lift from you that you \n wish to offer from  asansol to \n airport on \r\n	 2016-04-04 b', 'NO'),
('almas', 'pervez', 286, 99, '2016-06-09 20:37:18', 'pervez request lift from you that you \n wish to offer from  kolkata to \n hooghly on \r\n	 2016-06-28 b', 'YES'),
('nadim', 'kohli', 391, 102, '2016-06-09 20:45:05', 'kohli request you to take lift from him ', 'YES'),
('almas', 'pervez', 277, 103, '2016-06-10 06:24:31', 'pervez request lift from you that you \n wish to offer from  airport to \n Cooch Behar on \r\n	 2016-06-', 'NO'),
('kohli', 'almas', 299, 104, '2016-06-10 06:25:39', 'almas request lift from you that you \n wish to offer from  asansol to \n malda on \r\n	 2016-06-28 by y', 'YES'),
('almas', 'nadim', 570, 105, '2016-06-10 06:30:16', 'nadim request you to take lift from him ', 'YES'),
('nadim', 'almas', 304, 106, '2016-06-10 09:52:08', 'almas request lift from you that you \n wish to offer from  kolkata to \n hooghly on \r\n	 2016-06-28 by', 'YES');

-- --------------------------------------------------------

--
-- Table structure for table `requests`
--

CREATE TABLE IF NOT EXISTS `requests` (
  `request_id` int(2) NOT NULL AUTO_INCREMENT,
  `Journey_id` int(11) NOT NULL,
  `confirmation` varchar(10) DEFAULT 'NO',
  `sender` text NOT NULL,
  `receiver` text NOT NULL,
  `receiver_is` varchar(20) NOT NULL,
  `source` text NOT NULL,
  `destination` text NOT NULL,
  `date_of_journey` date NOT NULL,
  `vehicle` varchar(20) NOT NULL DEFAULT '4-wheller',
  `status` varchar(20) NOT NULL DEFAULT 'NOT DECIDED',
  `photo` varchar(25) NOT NULL DEFAULT 'default.png',
  `reciver_seen` varchar(10) NOT NULL DEFAULT 'NO',
  `sender_seen` varchar(10) NOT NULL DEFAULT 'NO',
  `date_time` timestamp NOT NULL DEFAULT CURRENT_TIMESTAMP,
  PRIMARY KEY (`request_id`)
) ENGINE=InnoDB  DEFAULT CHARSET=latin1 AUTO_INCREMENT=107 ;

--
-- Dumping data for table `requests`
--

INSERT INTO `requests` (`request_id`, `Journey_id`, `confirmation`, `sender`, `receiver`, `receiver_is`, `source`, `destination`, `date_of_journey`, `vehicle`, `status`, `photo`, `reciver_seen`, `sender_seen`, `date_time`) VALUES
(4, 386, 'NO', 'faisal', 'nadim', 'driver', 'howrah', 'Darjeeling', '0000-00-00', '', 'NOT DECIDED', 'default.png', 'YES', 'NO', '0000-00-00 00:00:00'),
(18, 224, 'NO', 'kohli', 'faisal ', 'driver', 'asansol', 'Bankura', '2016-05-24', '', 'REJECTED', 'default.png', 'YES', 'NO', '0000-00-00 00:00:00'),
(20, 224, 'NO', 'kohli', 'faisal ', 'driver', 'asansol', 'Bankura', '2016-05-24', '', 'REJECTED', 'default.png', 'YES', 'NO', '0000-00-00 00:00:00'),
(21, 224, 'YES', 'kohli', 'faisal ', 'driver', 'asansol', 'Bankura', '2016-05-24', '', 'CONFIRMED', 'default.png', 'YES', 'YES', '0000-00-00 00:00:00'),
(27, 185, '0', 'faisal', 'nadim', 'driver', 'howrah', 'Bardhaman', '2014-02-22', '', 'NOT DECIDED', 'default.png', 'YES', 'NO', '0000-00-00 00:00:00'),
(28, 185, '0', 'faisal', 'nadim', 'driver', 'howrah', 'Bardhaman', '2014-02-22', '', 'NOT DECIDED', 'default.png', 'YES', 'NO', '0000-00-00 00:00:00'),
(29, 110, '0', 'faisal', 'mayank', 'passenger', 'kolkata', 'howrah', '2016-03-09', '', 'NOT DECIDED', 'default.png', 'YES', 'NO', '0000-00-00 00:00:00'),
(30, 110, 'NO', 'faisal', 'mayank', 'passenger', 'kolkata', 'howrah', '2016-03-09', '', 'NOT DECIDED', 'default.png', 'YES', 'NO', '0000-00-00 00:00:00'),
(31, 321, 'NO', 'faisal', 'asif khan', 'passenger', 'kolkata', 'Birbhum', '2016-05-11', '', 'REJECTED', 'default.png', 'YES', 'NO', '0000-00-00 00:00:00'),
(32, 211, 'NO', 'nadim', 'kohli', 'driver', 'asansol', 'malda', '0000-00-00', '', 'NOT DECIDED', 'default.png', 'YES', 'NO', '0000-00-00 00:00:00'),
(33, 211, '0', 'nadim', 'kohli', 'driver', 'asansol', 'malda', '0000-00-00', '', 'NOT DECIDED', 'default.png', 'YES', 'NO', '0000-00-00 00:00:00'),
(35, 211, 'NO', 'nadim', 'kohli', 'driver', 'asansol', 'malda', '0000-00-00', '', 'NOT DECIDED', 'default.png', 'YES', 'NO', '0000-00-00 00:00:00'),
(36, 211, '0', 'nadim', 'kohli', 'driver', 'asansol', 'malda', '0000-00-00', '', 'NOT DECIDED', 'default.png', 'YES', 'NO', '0000-00-00 00:00:00'),
(37, 211, '0', 'nadim', 'kohli', 'driver', 'asansol', 'malda', '0000-00-00', '', 'NOT DECIDED', 'default.png', 'YES', 'NO', '0000-00-00 00:00:00'),
(66, 254, 'NO', 'kohli', 'faisal ', 'driver', 'kolkata', 'howrah', '2016-06-17', '', 'NOT DECIDED', 'default.png', 'YES', 'NO', '2016-05-29 21:18:22'),
(67, 250, 'NO', 'nadim', 'faisal ', 'driver', 'kolkata', 'Darjeeling', '2016-06-21', '', 'NOT DECIDED', 'default.png', 'YES', 'NO', '2016-05-30 09:33:09'),
(68, 250, 'NO', 'nadim', 'faisal ', 'driver', 'kolkata', 'Darjeeling', '2016-06-21', '', 'NOT DECIDED', 'default.png', 'YES', 'NO', '2016-05-30 09:33:53'),
(69, 250, 'NO', 'nadim', 'faisal ', 'driver', 'kolkata', 'Darjeeling', '2016-06-21', '', 'NOT DECIDED', 'default.png', 'YES', 'NO', '2016-05-30 09:34:04'),
(70, 46, 'NO', 'kohli', 'nadim', 'driver', 'asansol', 'airport', '2016-04-04', '', 'NOT DECIDED', 'default.png', 'YES', 'NO', '2016-05-30 16:43:46'),
(71, 46, 'NO', 'kohli', 'nadim', 'driver', 'asansol', 'airport', '2016-04-04', '', 'NOT DECIDED', 'default.png', 'NO', 'NO', '2016-05-30 16:52:37'),
(72, 149, 'NO', 'kohli', 'nadim', 'driver', 'kolkata', 'Birbhum', '2016-05-03', '', 'NOT DECIDED', 'default.png', 'YES', 'NO', '2016-05-30 16:52:59'),
(73, 263, 'NO', 'kohli', 'nadim', 'driver', 'asansol', 'airport', '2016-06-30', '', 'NOT DECIDED', 'default.png', 'YES', 'NO', '2016-05-30 16:57:00'),
(74, 262, 'NO', 'kohli', 'nadim', 'driver', 'asansol', 'Bankura', '2016-06-28', '', 'NOT DECIDED', 'default.png', 'YES', 'NO', '2016-05-30 17:04:04'),
(75, 262, 'NO', 'kohli', 'nadim', 'driver', 'asansol', 'Bankura', '2016-06-28', '', 'NOT DECIDED', 'default.png', 'YES', 'NO', '2016-05-30 17:05:34'),
(76, 212, 'NO', 'kohli', 'nadim', 'driver', 'howrah', 'Bankura', '0000-00-00', '', 'NOT DECIDED', 'default.png', 'YES', 'NO', '2016-05-31 06:34:10'),
(77, 537, 'NO', 'almas', 'faisal ', 'passenger', 'asansol', 'howrah', '2016-06-30', '', 'NOT DECIDED', 'default.png', 'NO', 'NO', '2016-06-04 07:10:14'),
(78, 537, 'NO', 'almas', 'faisal ', 'passenger', 'asansol', 'howrah', '2016-06-30', '', 'NOT DECIDED', 'default.png', 'NO', 'NO', '2016-06-04 07:18:16'),
(79, 0, 'NO', '', '', 'passenger', '', '', '0000-00-00', '', 'NOT DECIDED', 'default.png', 'NO', 'NO', '2016-06-04 07:18:32'),
(80, 217, 'NO', 'nadim', 'nadim', 'passenger', 'howrah', 'airport', '2016-05-19', '', 'NOT DECIDED', 'default.png', 'NO', 'NO', '2016-06-04 12:39:28'),
(81, 217, 'NO', 'nadim', 'nadim', 'passenger', 'howrah', 'airport', '2016-05-19', '', 'NOT DECIDED', 'default.png', 'NO', 'NO', '2016-06-04 12:39:35'),
(82, 225, 'NO', 'almas', 'faisal ', 'driver', 'malda', 'Cooch Behar', '2016-06-30', '', 'NOT DECIDED', 'default.png', 'YES', 'NO', '2016-06-04 17:14:40'),
(83, 542, 'NO', 'almas', 'kohli', 'passenger', 'asansol', 'Bankura', '2016-06-23', '', 'NOT DECIDED', 'default.png', 'NO', 'NO', '2016-06-04 17:18:45'),
(84, 257, 'NO', 'kohli', 'faisal ', 'driver', 'kolkata', 'howrah', '2016-06-17', '', 'NOT DECIDED', 'default.png', 'YES', 'NO', '2016-06-04 17:19:46'),
(85, 229, 'NO', 'almas', 'faisal ', 'driver', 'airport', 'Darjeeling', '2016-06-28', '', 'NOT DECIDED', 'default.png', 'YES', 'NO', '2016-06-05 09:55:30'),
(86, 229, 'NO', 'almas', 'faisal ', 'driver', 'airport', 'Darjeeling', '2016-06-28', '', 'NOT DECIDED', 'default.png', 'NO', 'NO', '2016-06-05 10:04:10'),
(87, 229, 'NO', 'almas', 'faisal ', 'driver', 'airport', 'Darjeeling', '2016-06-28', '', 'NOT DECIDED', 'default.png', 'NO', 'NO', '2016-06-05 10:04:28'),
(88, 229, 'NO', 'almas', 'faisal ', 'driver', 'airport', 'Darjeeling', '2016-06-28', '', 'NOT DECIDED', 'default.png', 'NO', 'NO', '2016-06-05 10:04:40'),
(89, 229, 'NO', 'almas', 'faisal ', 'driver', 'airport', 'Darjeeling', '2016-06-28', '', 'NOT DECIDED', 'default.png', 'NO', 'NO', '2016-06-05 10:04:50'),
(90, 229, 'NO', 'almas', 'faisal ', 'driver', 'airport', 'Darjeeling', '2016-06-28', '', 'NOT DECIDED', 'default.png', 'NO', 'NO', '2016-06-05 10:05:16'),
(91, 229, 'NO', 'almas', 'faisal ', 'driver', 'airport', 'Darjeeling', '2016-06-28', '', 'NOT DECIDED', 'default.png', 'NO', 'NO', '2016-06-05 10:05:23'),
(92, 229, 'NO', 'almas', 'faisal ', 'driver', 'airport', 'Darjeeling', '2016-06-28', '', 'NOT DECIDED', 'default.png', 'NO', 'NO', '2016-06-05 10:09:39'),
(93, 229, 'NO', 'almas', 'faisal ', 'driver', 'airport', 'Darjeeling', '2016-06-28', '', 'NOT DECIDED', 'default.png', 'NO', 'NO', '2016-06-05 10:10:18'),
(94, 229, 'NO', 'almas', 'faisal ', 'driver', 'airport', 'Darjeeling', '2016-06-28', '', 'NOT DECIDED', 'default.png', 'YES', 'NO', '2016-06-05 10:12:10'),
(95, 46, 'NO', 'faisal', 'nadim', 'driver', 'asansol', 'airport', '2016-04-04', '', 'NOT DECIDED', 'default.png', 'NO', 'NO', '2016-06-06 05:33:47'),
(96, 468, 'NO', 'almas', 'kohli', 'passenger', 'asansol', 'Bardhaman', '2016-05-17', '', 'NOT DECIDED', 'default.png', 'NO', 'NO', '2016-06-09 20:10:35'),
(97, 563, 'NO', 'almas', 'pervez', 'passenger', 'kolkata', 'hooghly', '2016-06-29', '', 'NOT DECIDED', 'default.png', 'NO', 'NO', '2016-06-09 20:28:44'),
(98, 563, 'NO', 'almas', 'pervez', 'passenger', 'kolkata', 'hooghly', '2016-06-29', '', 'NOT DECIDED', 'default.png', 'NO', 'NO', '2016-06-09 20:30:07'),
(99, 286, 'NO', 'pervez', 'almas', 'driver', 'kolkata', 'hooghly', '2016-06-28', '', 'NOT DECIDED', 'default.png', 'YES', 'NO', '2016-06-09 20:37:18'),
(100, 90, 'NO', 'almas', 'nadim', 'passenger', 'asansol', 'airport', '2016-04-01', '', 'NOT DECIDED', 'default.png', 'NO', 'NO', '2016-06-09 20:38:17'),
(101, 469, 'NO', 'nadim', 'kohli', 'passenger', 'asansol', 'Bankura', '2016-05-10', '', 'NOT DECIDED', 'default.png', 'NO', 'NO', '2016-06-09 20:40:00'),
(102, 391, 'NO', 'kohli', 'nadim', 'passenger', 'asansol', 'malda', '0000-00-00', '', 'NOT DECIDED', 'default.png', 'YES', 'NO', '2016-06-09 20:45:05'),
(103, 277, 'NO', 'pervez', 'almas', 'driver', 'airport', 'Cooch Behar', '2016-06-29', '', 'NOT DECIDED', 'default.png', 'NO', 'NO', '2016-06-10 06:24:31'),
(104, 299, 'NO', 'almas', 'kohli', 'driver', 'asansol', 'malda', '2016-06-28', '', 'NOT DECIDED', 'default.png', 'YES', 'NO', '2016-06-10 06:25:39'),
(105, 570, 'NO', 'nadim', 'almas', 'passenger', 'kolkata', 'hooghly', '2016-06-28', '', 'NOT DECIDED', 'default.png', 'YES', 'NO', '2016-06-10 06:30:16'),
(106, 304, 'NO', 'almas', 'nadim', 'driver', 'kolkata', 'hooghly', '2016-06-28', '', 'NOT DECIDED', 'default.png', 'YES', 'NO', '2016-06-10 09:52:08');

-- --------------------------------------------------------

--
-- Table structure for table `review`
--

CREATE TABLE IF NOT EXISTS `review` (
  `writer` text NOT NULL,
  `for_whom` text NOT NULL,
  `vehicle_type` varchar(10) NOT NULL,
  `vehicle_modal` varchar(10) NOT NULL,
  `Date_of_journey` date NOT NULL,
  `source` varchar(10) NOT NULL,
  `destination` varchar(10) NOT NULL,
  `about_vehicle` varchar(1000) NOT NULL,
  `about_co_traveller` varchar(1000) NOT NULL,
  `rating_for_vehicle` int(11) NOT NULL,
  `rating_for_co_traveller` int(11) NOT NULL,
  `recommend` varchar(3) NOT NULL
) ENGINE=InnoDB DEFAULT CHARSET=latin1;

--
-- Dumping data for table `review`
--

INSERT INTO `review` (`writer`, `for_whom`, `vehicle_type`, `vehicle_modal`, `Date_of_journey`, `source`, `destination`, `about_vehicle`, `about_co_traveller`, `rating_for_vehicle`, `rating_for_co_traveller`, `recommend`) VALUES
('nadim', '', '', '', '0000-00-00', '', '', '', '', 0, 0, ''),
('bika', 'mayank', '', '', '0000-00-00', '', '', '', '', 0, 0, ''),
('bika', 'imran', '3-wheeler', 'dvd', '0000-00-00', '', '', '', '', 0, 0, ''),
('bika', 'ravi', '4-wheeler', 'sdfg frv', '2016-05-03', 'asansol', 'asansol', '', '', 0, 0, ''),
('bika', 'imran', '4-wheeler', 'qwe', '2016-05-01', 'asansol', 'howrah', '<p>qwe</p>', ' <p>qwe</p>', 5, 5, 'YES'),
('nadim', 'imran', '4-wheeler', 'splander+', '2016-05-03', 'asansol', 'howrah', '<p><img class="img" style="margin: 0px; padding: 0px; border: 0px; font-style: inherit; font-variant: inherit; font-weight: inherit; font-stretch: inherit; font-size: inherit; line-height: inherit; fo', ' <p>&nbsp;</p>\r\n<div class="leftCol" style="margin: 0px; padding: 0px; border: 0px; font-stretch: inherit; font-size: 13px; line-height: 18px; font-family: arial, tahoma, verdana, sans-serif; vertical', 3, 3, 'NO'),
('nadim', 'imran', '2-wheeler', 'asd', '2016-05-02', 'howrah', 'asansol', '<p><span style="color: #848484; font-family: arial, tahoma, verdana, sans-serif; font-size: 13px; line-height: 16.9px;">ssue of the seller here and not of the product. He had diberately shipped a sony', ' <p><span style="color: #848484; font-family: arial, tahoma, verdana, sans-serif; font-size: 13px; line-height: 16.9px;">ssue of the seller here and not of the product. He had diberately shipped a son', 3, 4, 'NO'),
('nadim', 'imran', '3-wheeler', 'swdw', '2016-05-03', 'asansol', 'asansol', '<p><span style="color: #848484; font-family: arial, tahoma, verdana, sans-serif; font-size: 13px; line-height: 16.9px;">hi i revived it yesterday just testing it it is perfect if you have a zenfone then you must buys it guys it charged my zenfone</span></p>', ' <p>xsdwf</p>', 2, 4, 'NO'),
('nadim', 'imran', '4-wheeler', 'mnvc', '2016-05-03', 'kolkata', 'malda', '<p>&nbsp;</p>\r\n<p class="review-title" style="margin: 0px 0px 5px; padding: 0px; border: 0px; font-weight: bold; font-stretch: inherit; font-size: 13px; line-height: 16.9px; font-family: arial, tahoma, verdana, sans-serif; vertical-align: baseline; color: #333333;">Very Portable and Worth the Money</p>\r\n<p><span class="review-text" style="margin: 0px 0px 10px; padding: 0px; border: 0px; font-stretch: inherit; font-size: 13px; line-height: 16.9px; font-family: arial, tahoma, verdana, sans-serif; ', ' <p>&nbsp;</p>\r\n<p class="review-title" style="margin: 0px 0px 5px; padding: 0px; border: 0px; font-weight: bold; font-stretch: inherit; font-size: 13px; line-height: 16.9px; font-family: arial, tahoma, verdana, sans-serif; vertical-align: baseline; color: #333333;">Very Portable and Worth the Money</p>\r\n<p><span class="review-text" style="margin: 0px 0px 10px; padding: 0px; border: 0px; font-stretch: inherit; font-size: 13px; line-height: 16.9px; font-family: arial, tahoma, verdana, sans-serif;', 2, 4, 'NO'),
('nadim', 'imran', '4-wheeler', 'qwe', '2016-05-02', 'howrah', 'malda', '<p><span style="color: #848484; font-family: arial, tahoma, verdana, sans-serif; font-size: 13px; line-height: 16.9px;">&nbsp; i bought the black one for Rs. 1,5999. The looks of the power bank are great. Its very handy and can be kept in a pocket very easily. The weight is just 215g which is the lightest available in India for a 10,000 MAH power bank. I owned a lenovo power bank which had the same power but was double in size. The Pros and Cons are listed below:</span><br style="color: #848484; font-family: arial, tahoma, verdana, sans-serif; font-size: 13px; line-height: 16.9px;" /><span style="color: #848484; font-family: arial, tahoma, verdana, sans-serif; font-size: 13px; line-height: 16.9px;">Pros</span></p>', ' <p><span style="color: #848484; font-family: arial, tahoma, verdana, sans-serif; font-size: 13px; line-height: 16.9px;">&nbsp;bought the black one for Rs. 1,5999. The looks of the power bank are great. Its very handy and can be kept in a pocket very easily. The weight is just 215g which is the lightest available in India for a 10,000 MAH power bank. I owned a lenovo power bank which had the same power but was double in size. The Pros and Cons are listed below:</span><br style="color: #848484; font-family: arial, tahoma, verdana, sans-serif; font-size: 13px; line-height: 16.9px;" /><span style="color: #848484; font-family: arial, tahoma, verdana, sans-serif; font-size: 13px; line-height: 16.9px;">Pros</span></p>', 1, 5, 'YES'),
('nadim', 'asif khan', '4-wheeler', 'qwe', '2016-05-10', 'howrah', 'howrah', '<p>good</p>', ' <p>good</p>', 1, 1, 'NO'),
('nadim', 'asif khan', '4-wheeler', 'qwe', '2016-05-10', 'howrah', 'howrah', '<p>good</p>', ' <p>good</p>', 1, 1, 'NO'),
('nadim', 'asif khan', '2-wheeler', 'splender', '2016-05-04', 'asansol', 'kolkata', '<p class="review-title" style="margin: 0px 0px 5px; padding: 0px; border: 0px; font-weight: bold; font-stretch: inherit; font-size: 13px; line-height: 16.9px; font-family: arial, tahoma, verdana, sans-serif; vertical-align: baseline; color: #333333;">good</p>\r\n<p><span class="review-text" style="margin: 0px 0px 10px; padding: 0px; border: 0px; font-stretch: inherit; font-size: 13px; line-height: 16.9px; font-family: arial, tahoma, verdana, sans-serif; vertical-align: baseline; color: #848484;">it is a very nice product&nbsp;since it is of sony, the name is enough&nbsp;transfers at a very high speed&nbsp;no overheating problem&nbsp;small in size<br />must buy.</span></p>', ' <p><span style="color: #848484; font-family: arial, tahoma, verdana, sans-serif; font-size: 13px; line-height: 16.9px;">I bought this one month back. Its working properly. Recommended product to all buyers. Quality goods.</span></p>', 2, 3, 'NO'),
('nadim', 'bika', '3-wheeler', 'auto', '2016-05-03', 'howrah', 'Cooch Beha', 'good ', ' very good', 3, 5, 'YES'),
('kohli', 'nadim', '3-wheeler', 'suzikk', '2016-05-11', 'asansol', 'Birbhum', '<p class="review-title" style="margin: 0px 0px 5px; padding: 0px; border: 0px; font-weight: bold; font-stretch: inherit; font-size: 13px; line-height: 16.9px; font-family: arial, tahoma, verdana, sans-serif; vertical-align: baseline; color: #333333;">Strontium Micro SDHC 32GB Class 10 Memory Card</p>\r\n<p><span class="review-text" style="margin: 0px 0px 10px; padding: 0px; border: 0px; font-stretch: inherit; font-size: 13px; line-height: 16.9px; font-family: arial, tahoma, verdana, sans-serif; vertical-align: baseline; color: #848484;">As usual flipkart has done an excellent job of delivering on time. The memory card is working perfectly in my Nokia N8. It seems really fast and there is no lag when viewing videos from it. It is a really good product</span></p>', ' <p class="review-title" style="margin: 0px 0px 5px; padding: 0px; border: 0px; font-weight: bold; font-stretch: inherit; font-size: 13px; line-height: 16.9px; font-family: arial, tahoma, verdana, sans-serif; vertical-align: baseline; color: #333333;">Strontium Micro SDHC 32GB Class 10 Memory Card</p>\r\n<p><span class="review-text" style="margin: 0px 0px 10px; padding: 0px; border: 0px; font-stretch: inherit; font-size: 13px; line-height: 16.9px; font-family: arial, tahoma, verdana, sans-serif; vertical-align: baseline; color: #848484;">As usual flipkart has done an excellent job of delivering on time. The memory card is working perfectly in my Nokia N8. It seems really fast and there is no lag when viewing videos from it. It is a really good product</span></p>', 2, 3, 'NO'),
('kohli', 'nadim', '3-wheeler', 'suzikk', '2016-05-11', 'asansol', 'Birbhum', '<p class="review-title" style="margin: 0px 0px 5px; padding: 0px; border: 0px; font-weight: bold; font-stretch: inherit; font-size: 13px; line-height: 16.9px; font-family: arial, tahoma, verdana, sans-serif; vertical-align: baseline; color: #333333;">Strontium Micro SDHC 32GB Class 10 Memory Card</p>\r\n<p><span class="review-text" style="margin: 0px 0px 10px; padding: 0px; border: 0px; font-stretch: inherit; font-size: 13px; line-height: 16.9px; font-family: arial, tahoma, verdana, sans-serif; vertical-align: baseline; color: #848484;">As usual flipkart has done an excellent job of delivering on time. The memory card is working perfectly in my Nokia N8. It seems really fast and there is no lag when viewing videos from it. It is a really good product</span></p>', ' <p class="review-title" style="margin: 0px 0px 5px; padding: 0px; border: 0px; font-weight: bold; font-stretch: inherit; font-size: 13px; line-height: 16.9px; font-family: arial, tahoma, verdana, sans-serif; vertical-align: baseline; color: #333333;">Strontium Micro SDHC 32GB Class 10 Memory Card</p>\r\n<p><span class="review-text" style="margin: 0px 0px 10px; padding: 0px; border: 0px; font-stretch: inherit; font-size: 13px; line-height: 16.9px; font-family: arial, tahoma, verdana, sans-serif; vertical-align: baseline; color: #848484;">As usual flipkart has done an excellent job of delivering on time. The memory card is working perfectly in my Nokia N8. It seems really fast and there is no lag when viewing videos from it. It is a really good product</span></p>', 2, 3, 'NO'),
('kohli', 'ravi', '3-wheeler', 'maruti 800', '2016-05-11', 'asansol', 'Darjeeling', '<p class="review-title" style="margin: 0px 0px 5px; padding: 0px; border: 0px; font-weight: bold; font-stretch: inherit; font-size: 13px; line-height: 16.9px; font-family: arial, tahoma, verdana, sans-serif; vertical-align: baseline; color: #333333;">Strontium MicroSD Card 32 GB Class 10</p>\r\n<p><span class="review-text" style="margin: 0px 0px 10px; padding: 0px; border: 0px; font-stretch: inherit; font-size: 13px; line-height: 16.9px; font-family: arial, tahoma, verdana, sans-serif; vertical-align: baseline; color: #848484;">Hi Buyer<br /><br />Pls be careful of this product. I have asked for tax bill. The SELLER refusing to pay this. so, FLIPKART giving some discount to avoid the legal process. PLS DO NOT BUY THIS PRODUCT. Pls be careful. this is the fact data I am sharing with you.</span></p>', ' <p class="review-title" style="margin: 0px 0px 5px; padding: 0px; border: 0px; font-weight: bold; font-stretch: inherit; font-size: 13px; line-height: 16.9px; font-family: arial, tahoma, verdana, sans-serif; vertical-align: baseline; color: #333333;">Strontium MicroSD Card 32 GB Class 10</p>\r\n<p><span class="review-text" style="margin: 0px 0px 10px; padding: 0px; border: 0px; font-stretch: inherit; font-size: 13px; line-height: 16.9px; font-family: arial, tahoma, verdana, sans-serif; vertical-align: baseline; color: #848484;">Hi Buyer<br /><br />Pls be careful of this product. I have asked for tax bill. The SELLER refusing to pay this. so, FLIPKART giving some discount to avoid the legal process. PLS DO NOT BUY THIS PRODUCT. Pls be careful. this is the fact data I am sharing with you.</span></p>', 4, 5, 'YES'),
('kohli', 'ravi', '3-wheeler', 'maruti 800', '2016-05-11', 'asansol', 'Darjeeling', '<p class="review-title" style="margin: 0px 0px 5px; padding: 0px; border: 0px; font-weight: bold; font-stretch: inherit; font-size: 13px; line-height: 16.9px; font-family: arial, tahoma, verdana, sans-serif; vertical-align: baseline; color: #333333;">Strontium MicroSD Card 32 GB Class 10</p>\r\n<p><span class="review-text" style="margin: 0px 0px 10px; padding: 0px; border: 0px; font-stretch: inherit; font-size: 13px; line-height: 16.9px; font-family: arial, tahoma, verdana, sans-serif; vertical-align: baseline; color: #848484;">Hi Buyer<br /><br />Pls be careful of this product. I have asked for tax bill. The SELLER refusing to pay this. so, FLIPKART giving some discount to avoid the legal process. PLS DO NOT BUY THIS PRODUCT. Pls be careful. this is the fact data I am sharing with you.</span></p>', ' <p class="review-title" style="margin: 0px 0px 5px; padding: 0px; border: 0px; font-weight: bold; font-stretch: inherit; font-size: 13px; line-height: 16.9px; font-family: arial, tahoma, verdana, sans-serif; vertical-align: baseline; color: #333333;">Strontium MicroSD Card 32 GB Class 10</p>\r\n<p><span class="review-text" style="margin: 0px 0px 10px; padding: 0px; border: 0px; font-stretch: inherit; font-size: 13px; line-height: 16.9px; font-family: arial, tahoma, verdana, sans-serif; vertical-align: baseline; color: #848484;">Hi Buyer<br /><br />Pls be careful of this product. I have asked for tax bill. The SELLER refusing to pay this. so, FLIPKART giving some discount to avoid the legal process. PLS DO NOT BUY THIS PRODUCT. Pls be careful. this is the fact data I am sharing with you.</span></p>', 4, 5, 'YES'),
('almas', 'asif khan', '3-wheeler', 'brb', '0000-00-00', 'asansol', 'airport', '<p>&nbsp;</p>\r\n<p><span class="review-text" style="margin: 0px 0px 10px; padding: 0px; border: 0px; font-stretch: inherit; font-size: 13px; line-height: 16.9px; font-family: arial, tahoma, verdana, sans-serif; vertical-align: baseline; color: #848484;">i have received canvas evok phone its working awesome specially the battery backup is very good. i like the phone and more over i have received the phone the with next day of booking. very fast service from flipkart. Thank You Flipkart... :)</span></p>\r\n<div class="review-footer-new" style="margin: 20px 0px 0px; padding: 0px; border: 0px; font-stretch: inherit; font-size: 13px; line-height: 16.9px; font-family: arial, tahoma, verdana, sans-serif; vertical-align: baseline; color: #333333;">\r\n<p class="review-feedbackQuestion" style="margin: 0px; padding: 0px; border: 0px; font-style: inherit; font-variant: inherit; font-weight: inherit; font-stretch: inherit; font-size: 12px; line-height: inherit; font-family: inherit; vertical-align: bas', '<p>&nbsp;</p>\r\n<p><span class="review-text" style="margin: 0px 0px 10px; padding: 0px; border: 0px; font-stretch: inherit; font-size: 13px; line-height: 16.9px; font-family: arial, tahoma, verdana, sans-serif; vertical-align: baseline; color: #848484;">i have received canvas evok phone its working awesome specially the battery backup is very good. i like the phone and more over i have received the phone the with next day of booking. very fast service from flipkart. Thank You Flipkart... :)</span></p>\r\n<div class="review-footer-new" style="margin: 20px 0px 0px; padding: 0px; border: 0px; font-stretch: inherit; font-size: 13px; line-height: 16.9px; font-family: arial, tahoma, verdana, sans-serif; vertical-align: baseline; color: #333333;">\r\n<p class="review-feedbackQuestion" style="margin: 0px; padding: 0px; border: 0px; font-style: inherit; font-variant: inherit; font-weight: inherit; font-stretch: inherit; font-size: 12px; line-height: inherit; font-family: inherit; vertical-align: bas', 2, 3, 'NO'),
('almas', 'asif khan', '3-wheeler', 'brb', '0000-00-00', 'asansol', 'airport', '<p>&nbsp;</p>\r\n<p><span class="review-text" style="margin: 0px 0px 10px; padding: 0px; border: 0px; font-stretch: inherit; font-size: 13px; line-height: 16.9px; font-family: arial, tahoma, verdana, sans-serif; vertical-align: baseline; color: #848484;">i have received canvas evok phone its working awesome specially the battery backup is very good. i like the phone and more over i have received the phone the with next day of booking. very fast service from flipkart. Thank You Flipkart... :)</span></p>\r\n<div class="review-footer-new" style="margin: 20px 0px 0px; padding: 0px; border: 0px; font-stretch: inherit; font-size: 13px; line-height: 16.9px; font-family: arial, tahoma, verdana, sans-serif; vertical-align: baseline; color: #333333;">\r\n<p class="review-feedbackQuestion" style="margin: 0px; padding: 0px; border: 0px; font-style: inherit; font-variant: inherit; font-weight: inherit; font-stretch: inherit; font-size: 12px; line-height: inherit; font-family: inherit; vertical-align: bas', '<p>&nbsp;</p>\r\n<p><span class="review-text" style="margin: 0px 0px 10px; padding: 0px; border: 0px; font-stretch: inherit; font-size: 13px; line-height: 16.9px; font-family: arial, tahoma, verdana, sans-serif; vertical-align: baseline; color: #848484;">i have received canvas evok phone its working awesome specially the battery backup is very good. i like the phone and more over i have received the phone the with next day of booking. very fast service from flipkart. Thank You Flipkart... :)</span></p>\r\n<div class="review-footer-new" style="margin: 20px 0px 0px; padding: 0px; border: 0px; font-stretch: inherit; font-size: 13px; line-height: 16.9px; font-family: arial, tahoma, verdana, sans-serif; vertical-align: baseline; color: #333333;">\r\n<p class="review-feedbackQuestion" style="margin: 0px; padding: 0px; border: 0px; font-style: inherit; font-variant: inherit; font-weight: inherit; font-stretch: inherit; font-size: 12px; line-height: inherit; font-family: inherit; vertical-align: bas', 2, 3, 'NO'),
('almas', 'asif khan', '3-wheeler', 'brb', '0000-00-00', 'asansol', 'airport', '<p>&nbsp;</p>\r\n<p><span class="review-text" style="margin: 0px 0px 10px; padding: 0px; border: 0px; font-stretch: inherit; font-size: 13px; line-height: 16.9px; font-family: arial, tahoma, verdana, sans-serif; vertical-align: baseline; color: #848484;">i have received canvas evok phone its working awesome specially the battery backup is very good. i like the phone and more over i have received the phone the with next day of booking. very fast service from flipkart. Thank You Flipkart... :)</span></p>\r\n<div class="review-footer-new" style="margin: 20px 0px 0px; padding: 0px; border: 0px; font-stretch: inherit; font-size: 13px; line-height: 16.9px; font-family: arial, tahoma, verdana, sans-serif; vertical-align: baseline; color: #333333;">\r\n<p class="review-feedbackQuestion" style="margin: 0px; padding: 0px; border: 0px; font-style: inherit; font-variant: inherit; font-weight: inherit; font-stretch: inherit; font-size: 12px; line-height: inherit; font-family: inherit; vertical-align: bas', '<p>&nbsp;</p>\r\n<p><span class="review-text" style="margin: 0px 0px 10px; padding: 0px; border: 0px; font-stretch: inherit; font-size: 13px; line-height: 16.9px; font-family: arial, tahoma, verdana, sans-serif; vertical-align: baseline; color: #848484;">i have received canvas evok phone its working awesome specially the battery backup is very good. i like the phone and more over i have received the phone the with next day of booking. very fast service from flipkart. Thank You Flipkart... :)</span></p>\r\n<div class="review-footer-new" style="margin: 20px 0px 0px; padding: 0px; border: 0px; font-stretch: inherit; font-size: 13px; line-height: 16.9px; font-family: arial, tahoma, verdana, sans-serif; vertical-align: baseline; color: #333333;">\r\n<p class="review-feedbackQuestion" style="margin: 0px; padding: 0px; border: 0px; font-style: inherit; font-variant: inherit; font-weight: inherit; font-stretch: inherit; font-size: 12px; line-height: inherit; font-family: inherit; vertical-align: bas', 2, 3, 'NO'),
('almas', 'faisal ', '4-wheeler', 'nano', '0000-00-00', 'malda', 'Darjeeling', '<p><span style="color: #848484; font-family: arial, tahoma, verdana, sans-serif; font-size: 13px; line-height: 16.9px;">Awesome cell , awesome performance but camera quality is worst</span></p>', '<p><span style="color: #848484; font-family: arial, tahoma, verdana, sans-serif; font-size: 13px; line-height: 16.9px;">Awesome cell , awesome performance but camera quality is worst</span></p>', 1, 1, 'YES');

-- --------------------------------------------------------

--
-- Table structure for table `user_info`
--

CREATE TABLE IF NOT EXISTS `user_info` (
  `name` text NOT NULL,
  `email` varchar(30) NOT NULL,
  `contact` varchar(11) NOT NULL,
  `age` int(11) NOT NULL,
  `address` varchar(50) NOT NULL,
  `Photo` varchar(20) DEFAULT 'default.png',
  `password` varchar(10) NOT NULL,
  `user_id` varchar(20) NOT NULL DEFAULT 'UID-Card1.jpg',
  PRIMARY KEY (`email`)
) ENGINE=InnoDB DEFAULT CHARSET=latin1;

--
-- Dumping data for table `user_info`
--

INSERT INTO `user_info` (`name`, `email`, `contact`, `age`, `address`, `Photo`, `password`, `user_id`) VALUES
('asif khan', 'asif.902@gmail.com', '90123456', 26, 'koikhali', 'nitesh.jpg', '1234', 'UID-Card1.jpg'),
('bika', 'bika', '123345', 23, 'tripura', 'bika.jpg', '1234', 'UID-Card1.jpg'),
('enamul da', 'enamul@gmail.com', '987655', 29, 'fef', 'default.png', '1234', 'ravi.jpg'),
('faisal ', 'faisalnawzsiddiqui@g', '123456789', 27, 'ranchi', 'man_wih_bike6.jpg', '1234', 'UID-Card1.jpg'),
('imran', 'imran.902@gmail.com', '12345678', 26, 'ranchi', 'default.png', '1234', 'UID-Card1.jpg'),
('mayank', 'mayank', '123', 24, 'tripura', 'mayank.jpg', '1234', 'UID-Card1.jpg'),
('mayank singh', 'mayank.902@gmail.com', '9090909090', 22, 'svjehcekcj', 'mayank.jpg', '1234', 'UID-Card1.jpg'),
('nadim', 'nadim', '7278833535', 22, 'kaikhali', 'nadim.jpg', '1234', 'UID-Card1.jpg'),
('kohli', 'nadim.902@gmail.com', '999999999', 28, 'india', 'man_wih_bike6.jpg', '1234', 'UID-Card1.jpg'),
('pervez', 'pervez@gmail.com', '12345678', 24, 'qwert1', 'bika.jpg', '1234', 'rahul.jpg'),
('ravi', 'ravi.902@gmail.com', '123456', 34, 'bihar', 'ravi.jpg', '1234', 'UID-Card1.jpg'),
('almas', 'sarique.902@gmail.com', '678', 55, 'kjhf', 'default.png', '1234', 'UID-Card1.jpg'),
('sheama', 'sheama.902@gmail.com', '12345678', 25, 'delhi', 'kamalika.jpg', '""or""=""', 'UID-Card1.jpg');

-- --------------------------------------------------------

--
-- Table structure for table `want_lift`
--

CREATE TABLE IF NOT EXISTS `want_lift` (
  `lift_id` int(11) NOT NULL AUTO_INCREMENT,
  `username` text NOT NULL,
  `source` text NOT NULL,
  `age` int(11) NOT NULL,
  `destination` text NOT NULL,
  `date` date NOT NULL,
  `image` varchar(20) NOT NULL,
  `vehicle` varchar(20) NOT NULL,
  `contact` varchar(11) NOT NULL,
  `email` varchar(30) NOT NULL,
  `address` varchar(50) NOT NULL,
  `confirmation` varchar(10) NOT NULL DEFAULT 'NO',
  PRIMARY KEY (`lift_id`)
) ENGINE=InnoDB  DEFAULT CHARSET=latin1 AUTO_INCREMENT=584 ;

--
-- Dumping data for table `want_lift`
--

INSERT INTO `want_lift` (`lift_id`, `username`, `source`, `age`, `destination`, `date`, `image`, `vehicle`, `contact`, `email`, `address`, `confirmation`) VALUES
(1, 'almas', 'kolkata', 22, 'asansol', '2016-03-24', 'mayank.jpg', '2-wheeler', '0', 'almas', 'up', 'NO'),
(2, 'nabinita', 'kolkata', 22, 'howrah', '2016-03-25', 'kamalika.jpg', '4-wheeler', '990', 'nabinita', 'tripura', 'NO'),
(3, 'bika', 'asansol', 22, 'airport', '2016-03-04', 'bika.jpg', '4-wheeler', '12345678', 'bika@gmail.com', 'nagarbazar', 'NO'),
(4, 'nitesh', 'kolkata', 23, 'asansol', '2016-03-04', 'nitesh.jpg', '4-wheeler', '1234567', 'nitesh', 'narkol bagan', 'NO'),
(6, 'rahul', 'howrah', 23, 'kolkata', '2016-03-18', 'rahul.jpg', '4-wheeler', '546546', 'ravi', 'chinar park', 'NO'),
(8, 'imran', 'howrah', 26, 'asansol', '2016-03-30', 'default.png', '', '12345678', 'imran.902@gmail.com', 'ranchi', 'NO'),
(11, 'bika', 'kolkata', 23, 'kolkata', '0000-00-00', 'bika.jpg', '4-wheeler', '123345', 'bika', 'tripura', 'NO'),
(13, 'bika', 'kolkata', 23, 'kolkata', '2016-03-18', 'bika.jpg', '4-wheeler', '123345', 'bika', 'tripura', 'NO'),
(74, 'ravi', 'kolkata', 34, 'kolkata', '0000-00-00', 'ravi.jpg', '', '123456', 'ravi.902@gmail.com', 'bihar', 'NO'),
(75, 'ravi', 'kolkata', 34, 'kolkata', '0000-00-00', 'ravi.jpg', '', '123456', 'ravi.902@gmail.com', 'bihar', 'NO'),
(78, 'nadim', 'kolkata', 22, 'kolkata', '0000-00-00', 'nadim.jpg', '', '7278833535', 'nadim', 'kaikhali', 'NO'),
(80, 'nadim', 'kolkata', 22, 'kolkata', '0000-00-00', 'nadim.jpg', '', '7278833535', 'nadim', 'kaikhali', 'NO'),
(89, 'imran', 'asansol', 26, 'howrah', '2016-03-23', 'default.png', '', '12345678', 'imran.902@gmail.com', 'ranchi', 'NO'),
(90, 'nadim', 'asansol', 22, 'airport', '2016-04-01', 'nadim.jpg', '', '7278833535', 'nadim', 'kaikhali', 'NO'),
(91, 'nadim', 'kolkata', 22, 'asansol', '2016-03-24', 'nadim.jpg', '', '7278833535', 'nadim', 'kaikhali', 'NO'),
(101, 'mayank', 'asansol', 24, 'howrah', '2016-03-16', 'mayank.jpg', '', '123', 'mayank', 'tripura', 'NO'),
(107, 'mayank', 'kolkata', 24, 'asansol', '2016-03-16', 'mayank.jpg', '', '123', 'mayank', 'tripura', 'NO'),
(108, 'mayank', 'kolkata', 24, 'airport', '2016-03-08', 'mayank.jpg', '', '123', 'mayank', 'tripura', 'NO'),
(109, 'mayank', 'airport', 24, 'kolkata', '2016-03-02', 'mayank.jpg', '', '123', 'mayank', 'tripura', 'NO'),
(110, 'mayank', 'kolkata', 24, 'howrah', '2016-03-09', 'mayank.jpg', '', '123', 'mayank', 'tripura', 'YES'),
(111, 'nadim', 'asansol', 22, 'howrah', '2016-03-09', 'nadim.jpg', '', '7278833535', 'nadim', 'kaikhali', 'NO'),
(112, 'nadim', 'kolkata', 22, 'asansol', '2016-03-08', 'nadim.jpg', '', '7278833535', 'nadim', 'kaikhali', 'NO'),
(113, 'nadim', 'kolkata', 22, 'asansol', '2016-03-08', 'nadim.jpg', '', '7278833535', 'nadim', 'kaikhali', 'NO'),
(114, 'imran', 'howrah', 26, 'kolkata', '2016-03-09', 'default.png', '', '12345678', 'imran.902@gmail.com', 'ranchi', 'NO'),
(115, 'imran', 'howrah', 26, 'kolkata', '2016-03-09', 'default.png', '', '12345678', 'imran.902@gmail.com', 'ranchi', 'NO'),
(116, 'imran', 'kolkata', 26, 'airport', '2016-03-08', 'default.png', '', '12345678', 'imran.902@gmail.com', 'ranchi', 'NO'),
(117, 'imran', 'kolkata', 26, 'airport', '2016-03-08', 'default.png', '', '12345678', 'imran.902@gmail.com', 'ranchi', 'NO'),
(118, 'kohli', 'kolkata', 28, 'kolkata', '0000-00-00', 'man_wih_bike6.jpg', '', '99999999999', 'nadim.902@gmail.com', 'india', 'NO'),
(119, 'nadim', 'kolkata', 22, 'kolkata', '0000-00-00', 'nadim.jpg', '', '7278833535', 'nadim', 'kaikhali', 'NO'),
(120, 'nadim', 'kolkata', 22, 'airport', '0000-00-00', 'nadim.jpg', '', '7278833535', 'nadim', 'kaikhali', 'NO'),
(121, 'nadim', 'kolkata', 22, 'howrah', '0000-00-00', 'nadim.jpg', '', '7278833535', 'nadim', 'kaikhali', 'NO'),
(122, 'nadim', 'kolkata', 22, 'kolkata', '0000-00-00', 'nadim.jpg', '', '7278833535', 'nadim', 'kaikhali', 'NO'),
(123, 'nadim', 'kolkata', 22, 'airport', '0000-00-00', 'nadim.jpg', '', '7278833535', 'nadim', 'kaikhali', 'NO'),
(124, 'nadim', 'kolkata', 22, 'airport', '0000-00-00', 'nadim.jpg', '', '7278833535', 'nadim', 'kaikhali', 'NO'),
(125, 'nadim', 'kolkata', 22, 'kolkata', '0000-00-00', 'nadim.jpg', '', '7278833535', 'nadim', 'kaikhali', 'NO'),
(126, 'nadim', 'kolkata', 22, 'kolkata', '0000-00-00', 'nadim.jpg', '', '7278833535', 'nadim', 'kaikhali', 'NO'),
(127, 'nadim', '$row[0]', 22, 'kolkata', '0000-00-00', 'nadim.jpg', '', '7278833535', 'nadim', 'kaikhali', 'NO'),
(128, 'nadim', '$row[0]', 22, 'howrah', '0000-00-00', 'nadim.jpg', '', '7278833535', 'nadim', 'kaikhali', 'NO'),
(129, 'nadim', '$row[0]', 22, 'asansol', '0000-00-00', 'nadim.jpg', '', '7278833535', 'nadim', 'kaikhali', 'NO'),
(130, 'nadim', '$row[0]', 22, 'kolkata', '0000-00-00', 'nadim.jpg', '', '7278833535', 'nadim', 'kaikhali', 'NO'),
(131, 'nadim', '$row[0]', 22, 'kolkata', '0000-00-00', 'nadim.jpg', '', '7278833535', 'nadim', 'kaikhali', 'NO'),
(132, 'nadim', '$row[0]', 22, 'kolkata', '0000-00-00', 'nadim.jpg', '', '7278833535', 'nadim', 'kaikhali', 'NO'),
(133, 'imran', 'asansol', 26, 'kolkata', '0000-00-00', 'default.png', '', '12345678', 'imran.902@gmail.com', 'ranchi', 'NO'),
(134, 'imran', 'howrah', 26, 'kolkata', '0000-00-00', 'default.png', '', '12345678', 'imran.902@gmail.com', 'ranchi', 'NO'),
(135, 'imran', 'Airport', 26, 'kolkata', '0000-00-00', 'default.png', '', '12345678', 'imran.902@gmail.com', 'ranchi', 'NO'),
(136, 'imran', 'asansol', 26, 'kolkata', '0000-00-00', 'default.png', '', '12345678', 'imran.902@gmail.com', 'ranchi', 'NO'),
(137, 'imran', 'asansol', 26, 'airport', '2016-04-04', 'default.png', '', '12345678', 'imran.902@gmail.com', 'ranchi', 'NO'),
(138, 'imran', 'howrah', 26, 'asansol', '2016-04-05', 'default.png', '', '12345678', 'imran.902@gmail.com', 'ranchi', 'NO'),
(139, 'imran', 'Kolkata', 26, 'asansol', '0000-00-00', 'default.png', '', '12345678', 'imran.902@gmail.com', 'ranchi', 'NO'),
(140, 'imran', 'asansol', 26, 'airport', '0000-00-00', 'default.png', '', '12345678', 'imran.902@gmail.com', 'ranchi', 'NO'),
(141, 'imran', 'asansol', 26, 'howrah', '0000-00-00', 'default.png', '', '12345678', 'imran.902@gmail.com', 'ranchi', 'NO'),
(142, 'imran', 'Kolkata', 26, 'asansol', '0000-00-00', 'default.png', '', '12345678', 'imran.902@gmail.com', 'ranchi', 'NO'),
(143, 'imran', 'Kolkata', 26, 'airport', '0000-00-00', 'default.png', '', '12345678', 'imran.902@gmail.com', 'ranchi', 'NO'),
(144, 'imran', 'Kolkata', 26, 'airport', '2016-04-05', 'default.png', '', '12345678', 'imran.902@gmail.com', 'ranchi', 'NO'),
(145, 'imran', 'Kolkata', 26, 'howrah', '0000-00-00', 'default.png', '', '12345678', 'imran.902@gmail.com', 'ranchi', 'NO'),
(146, 'imran', 'Kolkata', 26, 'airport', '0000-00-00', 'default.png', '', '12345678', 'imran.902@gmail.com', 'ranchi', 'NO'),
(147, 'imran', 'Kolkata', 26, 'airport', '0000-00-00', 'default.png', '', '12345678', 'imran.902@gmail.com', 'ranchi', 'NO'),
(148, 'imran', 'Kolkata', 26, 'asansol', '0000-00-00', 'default.png', '', '12345678', 'imran.902@gmail.com', 'ranchi', 'NO'),
(149, 'imran', 'Kolkata', 26, 'asansol', '0000-00-00', 'default.png', '', '12345678', 'imran.902@gmail.com', 'ranchi', 'NO'),
(150, 'imran', 'asansol', 26, 'airport', '0000-00-00', 'default.png', '', '12345678', 'imran.902@gmail.com', 'ranchi', 'NO'),
(151, 'imran', 'Kolkata', 26, 'airport', '0000-00-00', 'default.png', '', '12345678', 'imran.902@gmail.com', 'ranchi', 'NO'),
(152, 'imran', 'Kolkata', 26, 'airport', '0000-00-00', 'default.png', '', '12345678', 'imran.902@gmail.com', 'ranchi', 'NO'),
(153, 'imran', 'Kolkata', 26, 'asansol', '0000-00-00', 'default.png', '', '12345678', 'imran.902@gmail.com', 'ranchi', 'NO'),
(154, 'imran', 'Kolkata', 26, 'airport', '0000-00-00', 'default.png', '', '12345678', 'imran.902@gmail.com', 'ranchi', 'NO'),
(155, 'imran', 'Kolkata', 26, 'howrah', '0000-00-00', 'default.png', '', '12345678', 'imran.902@gmail.com', 'ranchi', 'NO'),
(156, 'imran', 'Kolkata', 26, 'howrah', '0000-00-00', 'default.png', '', '12345678', 'imran.902@gmail.com', 'ranchi', 'NO'),
(157, 'imran', 'asansol', 26, 'kolkata', '0000-00-00', 'default.png', '', '12345678', 'imran.902@gmail.com', 'ranchi', 'NO'),
(158, 'imran', 'asansol', 26, 'airport', '0000-00-00', 'default.png', '', '12345678', 'imran.902@gmail.com', 'ranchi', 'NO'),
(159, 'imran', 'asansol', 26, 'airport', '0000-00-00', 'default.png', '', '12345678', 'imran.902@gmail.com', 'ranchi', 'NO'),
(160, 'imran', 'asansol', 26, 'airport', '0000-00-00', 'default.png', '', '12345678', 'imran.902@gmail.com', 'ranchi', 'NO'),
(161, 'imran', 'asansol', 26, 'airport', '0000-00-00', 'default.png', '', '12345678', 'imran.902@gmail.com', 'ranchi', 'NO'),
(162, 'imran', 'asansol', 26, 'airport', '0000-00-00', 'default.png', '', '12345678', 'imran.902@gmail.com', 'ranchi', 'NO'),
(163, 'imran', 'asansol', 26, 'airport', '0000-00-00', 'default.png', '', '12345678', 'imran.902@gmail.com', 'ranchi', 'NO'),
(164, 'imran', 'airport', 26, 'kolkata', '0000-00-00', 'default.png', '', '12345678', 'imran.902@gmail.com', 'ranchi', 'NO'),
(165, 'imran', 'airport', 26, 'kolkata', '0000-00-00', 'default.png', '', '12345678', 'imran.902@gmail.com', 'ranchi', 'NO'),
(166, 'imran', 'asansol', 26, 'howrah', '0000-00-00', 'default.png', '', '12345678', 'imran.902@gmail.com', 'ranchi', 'NO'),
(167, 'imran', 'asansol', 26, 'airport', '0000-00-00', 'default.png', '', '12345678', 'imran.902@gmail.com', 'ranchi', 'NO'),
(168, 'imran', 'asansol', 26, 'airport', '0000-00-00', 'default.png', '', '12345678', 'imran.902@gmail.com', 'ranchi', 'NO'),
(169, 'imran', 'asansol', 26, 'airport', '0000-00-00', 'default.png', '', '12345678', 'imran.902@gmail.com', 'ranchi', 'NO'),
(170, 'imran', 'asansol', 26, 'howrah', '0000-00-00', 'default.png', '', '12345678', 'imran.902@gmail.com', 'ranchi', 'NO'),
(171, 'imran', 'asansol', 26, 'airport', '0000-00-00', 'default.png', '', '12345678', 'imran.902@gmail.com', 'ranchi', 'NO'),
(172, 'imran', 'asansol', 26, 'howrah', '0000-00-00', 'default.png', '', '12345678', 'imran.902@gmail.com', 'ranchi', 'NO'),
(173, 'imran', 'asansol', 26, 'airport', '0000-00-00', 'default.png', '', '12345678', 'imran.902@gmail.com', 'ranchi', 'NO'),
(174, 'imran', 'asansol', 26, 'airport', '0000-00-00', 'default.png', '', '12345678', 'imran.902@gmail.com', 'ranchi', 'NO'),
(175, 'imran', 'asansol', 26, 'howrah', '0000-00-00', 'default.png', '', '12345678', 'imran.902@gmail.com', 'ranchi', 'NO'),
(176, 'imran', 'howrah', 26, 'kolkata', '0000-00-00', 'default.png', '', '12345678', 'imran.902@gmail.com', 'ranchi', 'NO'),
(178, 'imran', 'howrah', 26, 'kolkata', '0000-00-00', 'default.png', '', '12345678', 'imran.902@gmail.com', 'ranchi', 'NO'),
(179, 'imran', 'howrah', 26, 'kolkata', '0000-00-00', 'default.png', '', '12345678', 'imran.902@gmail.com', 'ranchi', 'NO'),
(180, 'imran', 'howrah', 26, 'kolkata', '0000-00-00', 'default.png', '', '12345678', 'imran.902@gmail.com', 'ranchi', 'NO'),
(181, 'imran', 'howrah', 26, 'asansol', '0000-00-00', 'default.png', '', '12345678', 'imran.902@gmail.com', 'ranchi', 'NO'),
(182, 'imran', 'howrah', 26, 'airport', '0000-00-00', 'default.png', '', '12345678', 'imran.902@gmail.com', 'ranchi', 'NO'),
(183, 'imran', 'kolkata', 26, 'kolkata', '0000-00-00', 'default.png', '', '12345678', 'imran.902@gmail.com', 'ranchi', 'NO'),
(184, 'imran', 'kolkata', 26, 'kolkata', '0000-00-00', 'default.png', '', '12345678', 'imran.902@gmail.com', 'ranchi', 'NO'),
(185, 'imran', 'kolkata', 26, 'kolkata', '0000-00-00', 'default.png', '', '12345678', 'imran.902@gmail.com', 'ranchi', 'NO'),
(186, 'imran', 'kolkata', 26, 'kolkata', '0000-00-00', 'default.png', '', '12345678', 'imran.902@gmail.com', 'ranchi', 'NO'),
(187, 'imran', 'airport', 26, 'kolkata', '0000-00-00', 'default.png', '', '12345678', 'imran.902@gmail.com', 'ranchi', 'NO'),
(188, 'imran', 'airport', 26, 'kolkata', '0000-00-00', 'default.png', '', '12345678', 'imran.902@gmail.com', 'ranchi', 'NO'),
(189, 'imran', 'airport', 26, 'kolkata', '0000-00-00', 'default.png', '', '12345678', 'imran.902@gmail.com', 'ranchi', 'NO'),
(190, 'imran', 'airport', 26, 'kolkata', '0000-00-00', 'default.png', '', '12345678', 'imran.902@gmail.com', 'ranchi', 'NO'),
(191, 'imran', 'airport', 26, 'kolkata', '0000-00-00', 'default.png', '', '12345678', 'imran.902@gmail.com', 'ranchi', 'NO'),
(192, 'imran', 'airport', 26, 'kolkata', '0000-00-00', 'default.png', '', '12345678', 'imran.902@gmail.com', 'ranchi', 'NO'),
(193, 'imran', 'airport', 26, 'asansol', '0000-00-00', 'default.png', '', '12345678', 'imran.902@gmail.com', 'ranchi', 'NO'),
(194, 'imran', 'airport', 26, 'kolkata', '2016-04-05', 'default.png', '', '12345678', 'imran.902@gmail.com', 'ranchi', 'NO'),
(195, 'imran', 'airport', 26, 'kolkata', '0000-00-00', 'default.png', '', '12345678', 'imran.902@gmail.com', 'ranchi', 'NO'),
(196, 'imran', 'airport', 26, 'kolkata', '0000-00-00', 'default.png', '', '12345678', 'imran.902@gmail.com', 'ranchi', 'NO'),
(197, 'imran', 'airport', 26, 'kolkata', '0000-00-00', 'default.png', '', '12345678', 'imran.902@gmail.com', 'ranchi', 'NO'),
(198, 'imran', 'airport', 26, 'kolkata', '0000-00-00', 'default.png', '', '12345678', 'imran.902@gmail.com', 'ranchi', 'NO'),
(199, 'imran', 'airport', 26, 'kolkata', '0000-00-00', 'default.png', '', '12345678', 'imran.902@gmail.com', 'ranchi', 'NO'),
(200, 'imran', 'airport', 26, 'howrah', '0000-00-00', 'default.png', '', '12345678', 'imran.902@gmail.com', 'ranchi', 'NO'),
(201, 'imran', 'airport', 26, 'kolkata', '0000-00-00', 'default.png', '', '12345678', 'imran.902@gmail.com', 'ranchi', 'NO'),
(202, 'imran', 'kolkata', 26, 'asansol', '0000-00-00', 'default.png', '', '12345678', 'imran.902@gmail.com', 'ranchi', 'NO'),
(203, 'imran', 'kolkata', 26, 'airport', '0000-00-00', 'default.png', '', '12345678', 'imran.902@gmail.com', 'ranchi', 'NO'),
(204, 'imran', 'kolkata', 26, 'airport', '0000-00-00', 'default.png', '', '12345678', 'imran.902@gmail.com', 'ranchi', 'NO'),
(205, 'imran', 'kolkata', 26, 'airport', '0000-00-00', 'default.png', '', '12345678', 'imran.902@gmail.com', 'ranchi', 'NO'),
(206, 'imran', 'kolkata', 26, 'airport', '0000-00-00', 'default.png', '', '12345678', 'imran.902@gmail.com', 'ranchi', 'NO'),
(207, 'imran', 'asansol', 26, 'kolkata', '0000-00-00', 'default.png', '', '12345678', 'imran.902@gmail.com', 'ranchi', 'NO'),
(208, 'imran', 'kolkata', 26, 'kolkata', '0000-00-00', 'default.png', '', '12345678', 'imran.902@gmail.com', 'ranchi', 'NO'),
(209, 'imran', 'kolkata', 26, 'kolkata', '0000-00-00', 'default.png', '', '12345678', 'imran.902@gmail.com', 'ranchi', 'NO'),
(210, 'nadim', 'kolkata', 22, 'kolkata', '0000-00-00', 'nadim.jpg', '', '7278833535', 'nadim', 'kaikhali', 'NO'),
(211, 'nadim', 'kolkata', 22, 'kolkata', '0000-00-00', 'nadim.jpg', '', '7278833535', 'nadim', 'kaikhali', 'NO'),
(212, 'nadim', 'kolkata', 22, 'kolkata', '0000-00-00', 'nadim.jpg', '', '7278833535', 'nadim', 'kaikhali', 'NO'),
(213, 'nadim', 'kolkata', 22, 'kolkata', '0000-00-00', 'nadim.jpg', '', '7278833535', 'nadim', 'kaikhali', 'NO'),
(214, 'nadim', 'kolkata', 22, 'kolkata', '0000-00-00', 'nadim.jpg', '', '7278833535', 'nadim', 'kaikhali', 'NO'),
(215, 'nadim', 'kolkata', 22, 'kolkata', '0000-00-00', 'nadim.jpg', '', '7278833535', 'nadim', 'kaikhali', 'NO'),
(216, 'nadim', 'kolkata', 22, 'kolkata', '0000-00-00', 'nadim.jpg', '', '7278833535', 'nadim', 'kaikhali', 'NO'),
(217, 'nadim', 'howrah', 22, 'airport', '2016-05-19', 'nadim.jpg', '', '7278833535', 'nadim', 'kaikhali', 'NO'),
(218, 'nadim', 'kolkata', 22, 'kolkata', '0000-00-00', 'nadim.jpg', '', '7278833535', 'nadim', 'kaikhali', 'NO'),
(219, 'nadim', 'kolkata', 22, 'kolkata', '0000-00-00', 'nadim.jpg', '', '7278833535', 'nadim', 'kaikhali', 'NO'),
(220, 'nadim', 'kolkata', 22, 'kolkata', '0000-00-00', 'nadim.jpg', '', '7278833535', 'nadim', 'kaikhali', 'NO'),
(221, 'nadim', 'asansol', 22, 'airport', '2016-05-10', 'nadim.jpg', '', '7278833535', 'nadim', 'kaikhali', 'NO'),
(222, 'nadim', 'kolkata', 22, 'kolkata', '0000-00-00', 'nadim.jpg', '', '7278833535', 'nadim', 'kaikhali', 'NO'),
(223, 'nadim', 'kolkata', 22, 'kolkata', '0000-00-00', 'nadim.jpg', '', '7278833535', 'nadim', 'kaikhali', 'NO'),
(224, 'nadim', 'kolkata', 22, 'kolkata', '0000-00-00', 'nadim.jpg', '', '7278833535', 'nadim', 'kaikhali', 'NO'),
(225, 'nadim', 'kolkata', 22, 'kolkata', '0000-00-00', 'nadim.jpg', '', '7278833535', 'nadim', 'kaikhali', 'NO'),
(226, 'nadim', 'airport', 22, 'asansol', '2016-05-11', 'nadim.jpg', '', '7278833535', 'nadim', 'kaikhali', 'NO'),
(227, 'nadim', 'kolkata', 22, 'asansol', '0000-00-00', 'nadim.jpg', '', '7278833535', 'nadim', 'kaikhali', 'NO'),
(228, 'nadim', 'kolkata', 22, 'asansol', '0000-00-00', 'nadim.jpg', '', '7278833535', 'nadim', 'kaikhali', 'NO'),
(229, 'nadim', 'asansol', 22, 'asansol', '2016-05-08', 'nadim.jpg', '', '7278833535', 'nadim', 'kaikhali', 'NO'),
(230, 'nadim', 'howrah', 22, 'asansol', '2016-05-08', 'nadim.jpg', '', '7278833535', 'nadim', 'kaikhali', 'NO'),
(231, 'nadim', 'howrah', 22, 'asansol', '2016-05-08', 'nadim.jpg', '', '7278833535', 'nadim', 'kaikhali', 'NO'),
(232, 'imran', 'kolkata', 22, 'asansol', '2016-05-10', 'kamalika.jpg', '2-wheeler', '909090990', 'nadim.902@gmail.com', 'barasat', 'NO'),
(233, 'imran', 'Cooch Behar', 26, 'Birbhum', '2016-05-10', 'default.png', '', '12345678', 'imran.902@gmail.com', 'ranchi', 'NO'),
(234, 'imran', 'Bankura', 26, 'Darjeeling', '2016-05-10', 'default.png', '', '12345678', 'imran.902@gmail.com', 'ranchi', 'NO'),
(235, 'imran', 'howrah', 26, 'howrah', '2016-05-03', 'default.png', '', '12345678', 'imran.902@gmail.com', 'ranchi', 'NO'),
(236, 'imran', 'kolkata', 26, 'kolkata', '0000-00-00', 'default.png', '', '12345678', 'imran.902@gmail.com', 'ranchi', 'NO'),
(242, 'nadim', 'howrah', 22, 'asansol', '2016-05-03', 'nadim.jpg', '', '7278833535', 'nadim', 'kaikhali', 'NO'),
(243, 'nadim', 'howrah', 22, 'asansol', '2016-05-03', 'nadim.jpg', '', '7278833535', 'nadim', 'kaikhali', 'NO'),
(244, 'nadim', 'howrah', 22, 'asansol', '2016-05-03', 'nadim.jpg', '', '7278833535', 'nadim', 'kaikhali', 'NO'),
(245, 'nadim', 'howrah', 22, 'asansol', '2016-05-03', 'nadim.jpg', '', '7278833535', 'nadim', 'kaikhali', 'NO'),
(246, 'nadim', 'howrah', 22, 'asansol', '2016-05-03', 'nadim.jpg', '', '7278833535', 'nadim', 'kaikhali', 'NO'),
(247, 'nadim', 'howrah', 22, 'asansol', '2016-05-03', 'nadim.jpg', '', '7278833535', 'nadim', 'kaikhali', 'NO'),
(281, 'imran', 'howrah', 26, 'Birbhum', '2016-05-10', 'default.png', '', '12345678', 'imran.902@gmail.com', 'ranchi', 'NO'),
(282, 'imran', 'howrah', 26, 'Cooch Behar', '2016-05-18', 'default.png', '', '12345678', 'imran.902@gmail.com', 'ranchi', 'NO'),
(283, 'imran', 'howrah', 26, 'Cooch Behar', '2016-05-18', 'default.png', '', '12345678', 'imran.902@gmail.com', 'ranchi', 'NO'),
(284, 'imran', 'howrah', 26, 'Cooch Behar', '2016-05-18', 'default.png', '', '12345678', 'imran.902@gmail.com', 'ranchi', 'NO'),
(285, 'imran', 'howrah', 26, 'Cooch Behar', '2016-05-18', 'default.png', '', '12345678', 'imran.902@gmail.com', 'ranchi', 'NO'),
(286, 'imran', 'howrah', 26, 'Cooch Behar', '2016-05-18', 'default.png', '', '12345678', 'imran.902@gmail.com', 'ranchi', 'NO'),
(287, 'imran', 'howrah', 26, 'Cooch Behar', '2016-05-18', 'default.png', '', '12345678', 'imran.902@gmail.com', 'ranchi', 'NO'),
(288, 'imran', 'asansol', 26, 'airport', '2016-05-10', 'default.png', '', '12345678', 'imran.902@gmail.com', 'ranchi', 'NO'),
(289, 'imran', 'howrah', 26, 'airport', '2016-05-04', 'default.png', '', '12345678', 'imran.902@gmail.com', 'ranchi', 'NO'),
(290, 'imran', 'Bankura', 26, 'Birbhum', '2016-05-03', 'default.png', '', '12345678', 'imran.902@gmail.com', 'ranchi', 'NO'),
(291, 'imran', 'Bankura', 26, 'Birbhum', '2016-05-03', 'default.png', '', '12345678', 'imran.902@gmail.com', 'ranchi', 'NO'),
(292, 'imran', 'howrah', 26, 'airport', '2016-05-04', 'default.png', '', '12345678', 'imran.902@gmail.com', 'ranchi', 'NO'),
(293, 'imran', 'howrah', 26, 'airport', '2016-05-04', 'default.png', '', '12345678', 'imran.902@gmail.com', 'ranchi', 'NO'),
(294, 'imran', 'asansol', 26, 'airport', '2016-05-10', 'default.png', '', '12345678', 'imran.902@gmail.com', 'ranchi', 'NO'),
(295, 'imran', 'howrah', 26, 'airport', '2016-05-04', 'default.png', '', '12345678', 'imran.902@gmail.com', 'ranchi', 'NO'),
(296, 'imran', 'howrah', 26, 'airport', '2016-05-04', 'default.png', '', '12345678', 'imran.902@gmail.com', 'ranchi', 'NO'),
(297, 'imran', 'asansol', 26, 'asansol', '2016-05-03', 'default.png', '', '12345678', 'imran.902@gmail.com', 'ranchi', 'NO'),
(298, 'imran', 'asansol', 26, 'asansol', '2016-05-03', 'default.png', '', '12345678', 'imran.902@gmail.com', 'ranchi', 'NO'),
(299, 'imran', 'howrah', 26, 'airport', '2016-05-04', 'default.png', '', '12345678', 'imran.902@gmail.com', 'ranchi', 'NO'),
(300, 'imran', 'asansol', 26, 'airport', '2016-05-10', 'default.png', '', '12345678', 'imran.902@gmail.com', 'ranchi', 'NO'),
(301, 'imran', 'howrah', 26, 'Cooch Behar', '2016-05-18', 'default.png', '', '12345678', 'imran.902@gmail.com', 'ranchi', 'NO'),
(302, 'imran', 'howrah', 26, 'Birbhum', '2016-05-10', 'default.png', '', '12345678', 'imran.902@gmail.com', 'ranchi', 'NO'),
(303, 'imran', 'howrah', 26, 'Birbhum', '2016-05-10', 'default.png', '', '12345678', 'imran.902@gmail.com', 'ranchi', 'NO'),
(304, 'imran', 'asansol', 26, 'Birbhum', '2016-05-11', 'default.png', '', '12345678', 'imran.902@gmail.com', 'ranchi', 'NO'),
(305, 'imran', 'asansol', 26, 'Birbhum', '2016-05-11', 'default.png', '', '12345678', 'imran.902@gmail.com', 'ranchi', 'NO'),
(306, 'imran', 'asansol', 26, 'Birbhum', '2016-05-11', 'default.png', '', '12345678', 'imran.902@gmail.com', 'ranchi', 'NO'),
(307, 'imran', 'asansol', 26, 'Birbhum', '2016-05-11', 'default.png', '', '12345678', 'imran.902@gmail.com', 'ranchi', 'NO'),
(308, 'imran', 'asansol', 26, 'Birbhum', '2016-05-11', 'default.png', '', '12345678', 'imran.902@gmail.com', 'ranchi', 'NO'),
(309, 'imran', 'asansol', 26, 'Birbhum', '2016-05-11', 'default.png', '', '12345678', 'imran.902@gmail.com', 'ranchi', 'NO'),
(310, 'imran', 'asansol', 26, 'Birbhum', '2016-05-11', 'default.png', '', '12345678', 'imran.902@gmail.com', 'ranchi', 'NO'),
(311, 'imran', 'asansol', 26, 'Birbhum', '2016-05-11', 'default.png', '', '12345678', 'imran.902@gmail.com', 'ranchi', 'NO'),
(312, 'nadim', 'airport', 22, 'howrah', '0000-00-00', 'nadim.jpg', '', '7278833535', 'nadim', 'kaikhali', 'NO'),
(318, 'nadim', 'kolkata', 22, 'howrah', '0000-00-00', 'nadim.jpg', '', '7278833535', 'nadim', 'kaikhali', 'NO'),
(319, 'nadim', 'kolkata', 22, 'howrah', '2016-05-10', 'nadim.jpg', '', '7278833535', 'nadim', 'kaikhali', 'NO'),
(320, 'nadim', 'kolkata', 22, 'airport', '2016-05-10', 'nadim.jpg', '', '7278833535', 'nadim', 'kaikhali', 'NO'),
(321, 'asif khan', 'kolkata', 26, 'Birbhum', '2016-05-11', '12.jpg', '', '9090909009', 'asif.902@gmail.com', 'kaikhli mondal ganthi', 'NO'),
(322, 'nadim', 'kolkata', 22, 'Birbhum', '2016-05-10', 'nadim.jpg', '', '7278833535', 'nadim', 'kaikhali', 'NO'),
(323, 'nadim', 'kolkata', 22, 'howrah', '2016-05-03', 'nadim.jpg', '', '7278833535', 'nadim', 'kaikhali', 'NO'),
(324, 'nadim', 'kolkata', 22, 'howrah', '2016-05-03', 'nadim.jpg', '', '7278833535', 'nadim', 'kaikhali', 'NO'),
(325, 'nadim', 'kolkata', 22, 'howrah', '2016-05-03', 'nadim.jpg', '', '7278833535', 'nadim', 'kaikhali', 'NO'),
(326, 'nadim', 'kolkata', 22, 'kolkata', '0000-00-00', 'nadim.jpg', '', '7278833535', 'nadim', 'kaikhali', 'NO'),
(327, 'nadim', 'howrah', 22, 'Bankura', '2016-05-03', 'nadim.jpg', '', '7278833535', 'nadim', 'kaikhali', 'NO'),
(328, 'nadim', 'howrah', 22, 'Bankura', '2016-05-18', 'nadim.jpg', '', '7278833535', 'nadim', 'kaikhali', 'NO'),
(329, 'kohli', 'airport', 28, 'howrah', '2016-05-28', 'man_wih_bike6.jpg', '', '999999999', 'nadim.902@gmail.com', 'india', 'NO'),
(330, 'kohli', 'airport', 28, 'howrah', '2016-05-28', 'man_wih_bike6.jpg', '', '9999999907', 'nadim.902@gmail.com', 'india', 'NO'),
(331, 'kohli', 'airport', 28, 'howrah', '2016-05-28', 'man_wih_bike6.jpg', '', '999999998', 'nadim.902@gmail.com', 'india', 'NO'),
(332, 'kohli', 'kolkata', 28, 'kolkata', '0000-00-00', 'man_wih_bike6.jpg', '', '999999999', 'nadim.902@gmail.com', 'india', 'NO'),
(333, 'kohli', 'kolkata', 28, 'kolkata', '0000-00-00', 'man_wih_bike6.jpg', '', '999999999', 'nadim.902@gmail.com', 'india', 'NO'),
(334, 'kohli', 'kolkata', 28, 'kolkata', '0000-00-00', 'man_wih_bike6.jpg', '', '999999999', 'nadim.902@gmail.com', 'india', 'NO'),
(335, 'kohli', 'airport', 28, 'malda', '2016-05-04', 'man_wih_bike6.jpg', '', '999999999', 'nadim.902@gmail.com', 'india', 'NO'),
(336, 'kohli', 'howrah', 28, 'airport', '2016-05-03', 'man_wih_bike6.jpg', '', '999999999', 'nadim.902@gmail.com', 'india', 'NO'),
(337, 'kohli', 'asansol', 28, 'airport', '2016-05-18', 'man_wih_bike6.jpg', '', '999999999', 'nadim.902@gmail.com', 'india', 'NO'),
(338, 'kohli', 'asansol', 28, 'airport', '2016-05-18', 'man_wih_bike6.jpg', '', '999999999', 'nadim.902@gmail.com', 'india', 'NO'),
(344, 'kohli', 'asansol', 28, 'airport', '2016-05-18', 'man_wih_bike6.jpg', '', '999999999', 'nadim.902@gmail.com', 'india', 'NO'),
(346, 'kohli', 'howrah', 28, 'malda', '2016-05-10', 'man_wih_bike6.jpg', '', '999999999', 'nadim.902@gmail.com', 'india', 'NO'),
(359, 'kohli', 'kolkata', 28, 'asansol', '2016-05-10', 'man_wih_bike6.jpg', '', '999999999', 'nadim.902@gmail.com', 'india', 'NO'),
(360, 'kohli', 'kolkata', 28, 'asansol', '2016-05-10', 'man_wih_bike6.jpg', '', '999999999', 'nadim.902@gmail.com', 'india', 'NO'),
(361, 'faisal ', 'howrah', 27, 'Birbhum', '2016-06-24', 'man_wih_bike6.jpg', '', '123456789', 'faisalnawzsiddiqui@g', 'ranchi', 'NO'),
(368, 'bika', 'airport', 23, 'howrah', '2017-06-24', 'bika.jpg', '2-wheeler', '', 'bika', 'tripura', 'NO'),
(369, 'bika', 'airport', 23, 'howrah', '2017-06-24', 'bika.jpg', '2-wheeler', '123345', 'bika', 'tripura', 'NO'),
(370, 'bika', 'kolkata', 23, 'kolkata', '2016-05-23', 'bika.jpg', '4-wheeler', '123345', 'bika', 'tripura', 'NO'),
(371, 'asif khan', 'Select Source', 26, 'Select Destination', '0000-00-00', '12.jpg', '', '9090909009', 'asif.902@gmail.com', 'kaikhli mondal ganthi', 'NO'),
(372, 'asif khan', 'howrah', 26, 'Bankura', '0000-00-00', '12.jpg', '', '9090909009', 'asif.902@gmail.com', 'kaikhli mondal ganthi', 'NO'),
(373, 'asif khan', 'Select Source', 26, 'Select Destination', '0000-00-00', '12.jpg', '', '9090909009', 'asif.902@gmail.com', 'kaikhli mondal ganthi', 'NO'),
(374, 'asif khan', 'Select Source', 26, 'Select Destination', '0000-00-00', '12.jpg', '', '9090909009', 'asif.902@gmail.com', 'kaikhli mondal ganthi', 'NO'),
(375, 'nadim', 'howrah', 22, 'airport', '2017-04-25', 'nadim.jpg', '', '7278833535', 'nadim', 'kaikhali', 'NO'),
(376, 'nadim', 'kolkata', 22, 'howrah', '0000-00-00', 'nadim.jpg', '', '7278833535', 'nadim', 'kaikhali', 'NO'),
(377, 'nadim', 'kolkata', 22, 'howrah', '0000-00-00', 'nadim.jpg', '', '7278833535', 'nadim', 'kaikhali', 'NO'),
(378, 'nadim', 'asansol', 22, 'malda', '0000-00-00', 'nadim.jpg', '', '7278833535', 'nadim', 'kaikhali', 'NO'),
(379, 'nadim', 'airport', 22, 'asansol', '0000-00-00', 'nadim.jpg', '', '7278833535', 'nadim', 'kaikhali', 'NO'),
(380, 'asif khan', 'kolkata', 26, 'howrah', '0000-00-00', '12.jpg', '', '9090909009', 'asif.902@gmail.com', 'kaikhli mondal ganthi', 'NO'),
(381, 'asif khan', 'kolkata', 26, 'howrah', '0000-00-00', '12.jpg', '', '9090909009', 'asif.902@gmail.com', 'kaikhli mondal ganthi', 'NO'),
(382, 'nadim', 'howrah', 22, 'malda', '0000-00-00', 'nadim.jpg', '', '7278833535', 'nadim', 'kaikhali', 'NO'),
(383, 'nadim', 'howrah', 22, 'malda', '0000-00-00', 'nadim.jpg', '', '7278833535', 'nadim', 'kaikhali', 'NO'),
(384, 'nadim', 'howrah', 22, 'asansol', '0000-00-00', 'nadim.jpg', '', '7278833535', 'nadim', 'kaikhali', 'NO'),
(385, 'nadim', 'asansol', 22, 'Darjeeling', '0000-00-00', 'nadim.jpg', '', '7278833535', 'nadim', 'kaikhali', 'NO'),
(386, 'nadim', 'howrah', 22, 'Darjeeling', '0000-00-00', 'nadim.jpg', '', '7278833535', 'nadim', 'kaikhali', 'YES'),
(387, 'nadim', 'howrah', 22, 'Darjeeling', '0000-00-00', 'nadim.jpg', '', '7278833535', 'nadim', 'kaikhali', 'NO'),
(388, 'nadim', 'howrah', 22, 'Darjeeling', '0000-00-00', 'nadim.jpg', '', '7278833535', 'nadim', 'kaikhali', 'NO'),
(389, 'nadim', 'asansol', 22, 'Darjeeling', '0000-00-00', 'nadim.jpg', '', '7278833535', 'nadim', 'kaikhali', 'NO'),
(390, 'nadim', 'airport', 22, 'asansol', '0000-00-00', 'nadim.jpg', '', '7278833535', 'nadim', 'kaikhali', 'NO'),
(391, 'nadim', 'asansol', 22, 'malda', '0000-00-00', 'nadim.jpg', '', '7278833535', 'nadim', 'kaikhali', 'YES'),
(392, 'nadim', 'airport', 22, 'howrah', '0000-00-00', 'nadim.jpg', '', '7278833535', 'nadim', 'kaikhali', 'NO'),
(393, 'nadim', 'airport', 22, 'howrah', '0000-00-00', 'nadim.jpg', '', '7278833535', 'nadim', 'kaikhali', 'NO'),
(394, 'nadim', 'airport', 22, 'howrah', '0000-00-00', 'nadim.jpg', '', '7278833535', 'nadim', 'kaikhali', 'NO'),
(395, 'nadim', 'asansol', 22, 'Cooch Behar', '0000-00-00', 'nadim.jpg', '', '7278833535', 'nadim', 'kaikhali', 'NO'),
(396, 'nadim', 'howrah', 22, 'Cooch Behar', '0000-00-00', 'nadim.jpg', '', '7278833535', 'nadim', 'kaikhali', 'NO'),
(397, 'nadim', 'kolkata', 22, 'kolkata', '0000-00-00', 'nadim.jpg', '', '7278833535', 'nadim', 'kaikhali', 'NO'),
(398, 'nadim', 'kolkata', 22, 'kolkata', '0000-00-00', 'nadim.jpg', '', '7278833535', 'nadim', 'kaikhali', 'NO'),
(399, 'nadim', 'kolkata', 22, 'kolkata', '0000-00-00', 'nadim.jpg', '', '7278833535', 'nadim', 'kaikhali', 'NO'),
(400, 'nadim', 'howrah', 22, 'Cooch Behar', '0000-00-00', 'nadim.jpg', '', '7278833535', 'nadim', 'kaikhali', 'NO'),
(401, 'nadim', 'asansol', 22, 'Cooch Behar', '0000-00-00', 'nadim.jpg', '', '7278833535', 'nadim', 'kaikhali', 'NO'),
(402, 'nadim', 'airport', 22, 'howrah', '0000-00-00', 'nadim.jpg', '', '7278833535', 'nadim', 'kaikhali', 'NO'),
(403, 'nadim', 'howrah', 22, 'malda', '0000-00-00', 'nadim.jpg', '', '7278833535', 'nadim', 'kaikhali', 'NO'),
(404, 'nadim', 'airport', 22, 'Bankura', '0000-00-00', 'nadim.jpg', '', '7278833535', 'nadim', 'kaikhali', 'NO'),
(405, 'nadim', 'asansol', 22, 'airport', '0000-00-00', 'nadim.jpg', '', '7278833535', 'nadim', 'kaikhali', 'NO'),
(406, 'nadim', 'howrah', 22, 'airport', '0000-00-00', 'nadim.jpg', '', '7278833535', 'nadim', 'kaikhali', 'NO'),
(407, 'nadim', 'howrah', 22, 'airport', '0000-00-00', 'nadim.jpg', '', '7278833535', 'nadim', 'kaikhali', 'NO'),
(408, 'nadim', 'howrah', 22, 'airport', '0000-00-00', 'nadim.jpg', '', '7278833535', 'nadim', 'kaikhali', 'NO'),
(409, 'nadim', 'airport', 22, 'malda', '0000-00-00', 'nadim.jpg', '', '7278833535', 'nadim', 'kaikhali', 'NO'),
(410, 'nadim', 'howrah', 22, 'malda', '0000-00-00', 'nadim.jpg', '', '7278833535', 'nadim', 'kaikhali', 'NO'),
(411, 'kohli', 'howrah', 28, 'Bankura', '0000-00-00', 'man_wih_bike6.jpg', '', '999999999', 'nadim.902@gmail.com', 'india', 'NO'),
(412, 'kohli', 'asansol', 28, 'airport', '0000-00-00', 'man_wih_bike6.jpg', '', '999999999', 'nadim.902@gmail.com', 'india', 'NO'),
(413, 'kohli', 'asansol', 28, 'airport', '0000-00-00', 'man_wih_bike6.jpg', '', '999999999', 'nadim.902@gmail.com', 'india', 'NO'),
(414, 'nadim', 'airport', 22, 'Bardhaman', '0000-00-00', 'nadim.jpg', '', '7278833535', 'nadim', 'kaikhali', 'NO'),
(415, 'nadim', 'howrah', 22, 'Birbhum', '0000-00-00', 'nadim.jpg', '', '7278833535', 'nadim', 'kaikhali', 'NO'),
(416, 'nadim', 'howrah', 22, 'Darjeeling', '2016-07-28', 'nadim.jpg', '', '7278833535', 'nadim', 'kaikhali', 'NO'),
(417, 'nadim', 'kolkata', 22, 'airport', '2016-05-08', 'nadim.jpg', '', '7278833535', 'nadim', 'kaikhali', 'NO'),
(418, 'nadim', 'asansol', 22, 'malda', '2016-05-24', 'nadim.jpg', '', '7278833535', 'nadim', 'kaikhali', 'NO'),
(419, 'nadim', 'asansol', 22, 'Bankura', '2016-05-31', 'nadim.jpg', '', '7278833535', 'nadim', 'kaikhali', 'NO'),
(420, 'faisal ', 'asansol', 27, 'Birbhum', '2016-06-15', 'man_wih_bike6.jpg', '', '123456789', 'faisalnawzsiddiqui@g', 'ranchi', 'NO'),
(421, 'faisal ', 'kolkata', 27, 'Birbhum', '2016-05-31', 'man_wih_bike6.jpg', '', '123456789', 'faisalnawzsiddiqui@g', 'ranchi', 'NO'),
(422, 'faisal ', 'kolkata', 27, 'Birbhum', '2016-05-31', 'man_wih_bike6.jpg', '', '123456789', 'faisalnawzsiddiqui@g', 'ranchi', 'NO'),
(423, 'faisal ', 'kolkata', 27, 'Birbhum', '2016-05-30', 'man_wih_bike6.jpg', '', '123456789', 'faisalnawzsiddiqui@g', 'ranchi', 'NO'),
(424, 'faisal ', 'howrah', 27, 'Bankura', '2016-05-10', 'man_wih_bike6.jpg', '', '123456789', 'faisalnawzsiddiqui@g', 'ranchi', 'NO'),
(425, 'faisal ', 'howrah', 27, 'Bankura', '2016-05-10', 'man_wih_bike6.jpg', '', '123456789', 'faisalnawzsiddiqui@g', 'ranchi', 'NO'),
(426, 'faisal ', 'kolkata', 27, 'Birbhum', '2016-05-30', 'man_wih_bike6.jpg', '', '123456789', 'faisalnawzsiddiqui@g', 'ranchi', 'NO'),
(427, 'faisal ', 'kolkata', 27, 'Birbhum', '2016-05-30', 'man_wih_bike6.jpg', '', '123456789', 'faisalnawzsiddiqui@g', 'ranchi', 'NO'),
(428, 'faisal ', 'asansol', 27, 'malda', '2016-05-24', 'man_wih_bike6.jpg', '', '123456789', 'faisalnawzsiddiqui@g', 'ranchi', 'NO'),
(429, 'faisal ', 'asansol', 27, 'Cooch Behar', '2016-05-31', 'man_wih_bike6.jpg', '', '123456789', 'faisalnawzsiddiqui@g', 'ranchi', 'NO'),
(430, 'faisal ', 'howrah', 27, 'Birbhum', '2016-05-31', 'man_wih_bike6.jpg', '', '123456789', 'faisalnawzsiddiqui@g', 'ranchi', 'NO'),
(431, 'faisal ', 'asansol', 27, 'Bankura', '2016-05-31', 'man_wih_bike6.jpg', '', '123456789', 'faisalnawzsiddiqui@g', 'ranchi', 'NO'),
(432, 'faisal ', 'asansol', 27, 'Darjeeling', '2016-05-31', 'man_wih_bike6.jpg', '', '123456789', 'faisalnawzsiddiqui@g', 'ranchi', 'NO'),
(433, 'nadim', 'asansol', 22, 'malda', '2016-05-31', 'nadim.jpg', '', '7278833535', 'nadim', 'kaikhali', 'NO'),
(434, 'nadim', 'asansol', 22, 'malda', '2016-05-31', 'nadim.jpg', '', '7278833535', 'nadim', 'kaikhali', 'NO'),
(435, 'nadim', 'asansol', 22, 'malda', '2016-05-31', 'nadim.jpg', '', '7278833535', 'nadim', 'kaikhali', 'NO'),
(436, 'nadim', 'asansol', 22, 'malda', '2016-05-31', 'nadim.jpg', '', '7278833535', 'nadim', 'kaikhali', 'NO'),
(437, 'nadim', 'asansol', 22, 'malda', '2016-05-31', 'nadim.jpg', '', '7278833535', 'nadim', 'kaikhali', 'NO'),
(438, 'nadim', 'asansol', 22, 'malda', '2016-05-31', 'nadim.jpg', '', '7278833535', 'nadim', 'kaikhali', 'NO'),
(439, 'nadim', 'asansol', 22, 'malda', '2016-05-31', 'nadim.jpg', '', '7278833535', 'nadim', 'kaikhali', 'NO'),
(440, 'nadim', 'asansol', 22, 'malda', '2016-05-31', 'nadim.jpg', '', '7278833535', 'nadim', 'kaikhali', 'NO'),
(441, 'nadim', 'asansol', 22, 'malda', '2016-05-31', 'nadim.jpg', '', '7278833535', 'nadim', 'kaikhali', 'NO'),
(442, 'nadim', 'asansol', 22, 'malda', '2016-05-31', 'nadim.jpg', '', '7278833535', 'nadim', 'kaikhali', 'NO'),
(443, 'nadim', 'asansol', 22, 'malda', '2016-05-31', 'nadim.jpg', '', '7278833535', 'nadim', 'kaikhali', 'NO'),
(444, 'nadim', 'asansol', 22, 'malda', '2016-05-31', 'nadim.jpg', '', '7278833535', 'nadim', 'kaikhali', 'NO'),
(445, 'nadim', 'asansol', 22, 'malda', '2016-05-31', 'nadim.jpg', '', '7278833535', 'nadim', 'kaikhali', 'NO'),
(446, 'nadim', 'asansol', 22, 'malda', '2016-05-31', 'nadim.jpg', '', '7278833535', 'nadim', 'kaikhali', 'NO'),
(447, 'nadim', 'asansol', 22, 'malda', '2016-05-31', 'nadim.jpg', '', '7278833535', 'nadim', 'kaikhali', 'NO'),
(448, 'nadim', 'asansol', 22, 'malda', '2016-05-31', 'nadim.jpg', '', '7278833535', 'nadim', 'kaikhali', 'NO'),
(449, 'nadim', 'asansol', 22, 'malda', '2016-05-31', 'nadim.jpg', '', '7278833535', 'nadim', 'kaikhali', 'NO'),
(450, 'nadim', 'asansol', 22, 'malda', '2016-05-31', 'nadim.jpg', '', '7278833535', 'nadim', 'kaikhali', 'NO'),
(451, 'nadim', 'asansol', 22, 'malda', '2016-05-31', 'nadim.jpg', '', '7278833535', 'nadim', 'kaikhali', 'NO'),
(452, 'nadim', 'asansol', 22, 'malda', '2016-05-31', 'nadim.jpg', '', '7278833535', 'nadim', 'kaikhali', 'NO'),
(453, 'nadim', 'howrah', 22, 'asansol', '2016-06-30', 'nadim.jpg', '', '7278833535', 'nadim', 'kaikhali', 'NO'),
(454, 'nadim', 'kolkata', 22, 'kolkata', '2016-05-31', 'nadim.jpg', '', '7278833535', 'nadim', 'kaikhali', 'NO'),
(455, 'nadim', 'kolkata', 22, 'kolkata', '2016-05-31', 'nadim.jpg', '', '7278833535', 'nadim', 'kaikhali', 'NO'),
(456, 'nadim', 'asansol', 22, 'airport', '2016-06-21', 'nadim.jpg', '', '7278833535', 'nadim', 'kaikhali', 'NO'),
(457, 'nadim', 'asansol', 22, 'airport', '2016-06-21', 'nadim.jpg', '', '7278833535', 'nadim', 'kaikhali', 'NO'),
(458, 'nadim', 'asansol', 22, 'airport', '2016-06-21', 'nadim.jpg', '', '7278833535', 'nadim', 'kaikhali', 'NO'),
(459, 'nadim', 'asansol', 22, 'airport', '2016-06-21', 'nadim.jpg', '', '7278833535', 'nadim', 'kaikhali', 'NO'),
(460, 'nadim', 'asansol', 22, 'Cooch Behar', '2016-06-30', 'nadim.jpg', '', '7278833535', 'nadim', 'kaikhali', 'NO'),
(461, 'nadim', 'asansol', 22, 'Cooch Behar', '2016-06-30', 'nadim.jpg', '', '7278833535', 'nadim', 'kaikhali', 'NO'),
(462, 'nadim', 'asansol', 22, 'Cooch Behar', '2016-06-30', 'nadim.jpg', '', '7278833535', 'nadim', 'kaikhali', 'NO'),
(463, 'nadim', 'asansol', 22, 'Cooch Behar', '2016-06-30', 'nadim.jpg', '', '7278833535', 'nadim', 'kaikhali', 'NO'),
(464, 'nadim', 'asansol', 22, 'Cooch Behar', '2016-06-30', 'nadim.jpg', '', '7278833535', 'nadim', 'kaikhali', 'NO'),
(465, 'nadim', 'asansol', 22, 'Birbhum', '2016-06-16', 'nadim.jpg', '', '7278833535', 'nadim', 'kaikhali', 'NO'),
(466, 'nadim', 'asansol', 22, 'Bardhaman', '2016-06-21', 'nadim.jpg', '', '7278833535', 'nadim', 'kaikhali', 'NO'),
(467, 'nadim', 'airport', 22, 'malda', '2016-06-22', 'nadim.jpg', '', '7278833535', 'nadim', 'kaikhali', 'NO'),
(468, 'kohli', 'asansol', 28, 'Bardhaman', '2016-05-17', 'man_wih_bike6.jpg', '', '999999999', 'nadim.902@gmail.com', 'india', 'NO'),
(469, 'kohli', 'asansol', 28, 'Bankura', '2016-05-10', 'man_wih_bike6.jpg', '', '999999999', 'nadim.902@gmail.com', 'india', 'NO'),
(470, 'faisal ', 'howrah', 27, 'Bardhaman', '2016-05-31', 'man_wih_bike6.jpg', '', '123456789', 'faisalnawzsiddiqui@g', 'ranchi', 'NO'),
(471, 'faisal ', 'howrah', 27, 'Bardhaman', '2016-05-31', 'man_wih_bike6.jpg', '', '123456789', 'faisalnawzsiddiqui@g', 'ranchi', 'NO'),
(472, 'faisal ', 'howrah', 27, 'Bardhaman', '2016-05-31', 'man_wih_bike6.jpg', '', '123456789', 'faisalnawzsiddiqui@g', 'ranchi', 'NO'),
(473, 'faisal ', 'howrah', 27, 'Bankura', '2016-05-24', 'man_wih_bike6.jpg', '', '123456789', 'faisalnawzsiddiqui@g', 'ranchi', 'NO'),
(474, 'faisal ', 'asansol', 27, 'Bankura', '2016-05-31', 'man_wih_bike6.jpg', '', '123456789', 'faisalnawzsiddiqui@g', 'ranchi', 'NO'),
(475, 'faisal ', 'asansol', 27, 'Bankura', '2016-05-31', 'man_wih_bike6.jpg', '', '123456789', 'faisalnawzsiddiqui@g', 'ranchi', 'NO'),
(476, 'faisal ', 'Bankura', 27, 'airport', '2016-05-31', 'man_wih_bike6.jpg', '', '123456789', 'faisalnawzsiddiqui@g', 'ranchi', 'NO'),
(477, 'faisal ', 'asansol', 27, 'Birbhum', '2016-05-31', 'man_wih_bike6.jpg', '', '123456789', 'faisalnawzsiddiqui@g', 'ranchi', 'NO'),
(478, 'faisal ', 'howrah', 27, 'Birbhum', '2016-06-22', 'man_wih_bike6.jpg', '', '123456789', 'faisalnawzsiddiqui@g', 'ranchi', 'NO'),
(479, 'faisal ', 'howrah', 27, 'Birbhum', '2016-06-22', 'man_wih_bike6.jpg', '', '123456789', 'faisalnawzsiddiqui@g', 'ranchi', 'NO'),
(480, 'faisal ', 'howrah', 27, 'Birbhum', '2016-06-22', 'man_wih_bike6.jpg', '', '123456789', 'faisalnawzsiddiqui@g', 'ranchi', 'NO'),
(481, 'faisal ', 'howrah', 27, 'Birbhum', '2016-06-22', 'man_wih_bike6.jpg', '', '123456789', 'faisalnawzsiddiqui@g', 'ranchi', 'NO'),
(482, 'faisal ', 'howrah', 27, 'Birbhum', '2016-06-22', 'man_wih_bike6.jpg', '', '123456789', 'faisalnawzsiddiqui@g', 'ranchi', 'NO'),
(483, 'faisal ', 'howrah', 27, 'Birbhum', '2016-06-22', 'man_wih_bike6.jpg', '', '123456789', 'faisalnawzsiddiqui@g', 'ranchi', 'NO'),
(484, 'faisal ', 'howrah', 27, 'airport', '2016-05-25', 'man_wih_bike6.jpg', '', '123456789', 'faisalnawzsiddiqui@g', 'ranchi', 'NO'),
(485, 'faisal ', 'howrah', 27, 'airport', '2016-05-25', 'man_wih_bike6.jpg', '', '123456789', 'faisalnawzsiddiqui@g', 'ranchi', 'NO'),
(486, 'faisal ', 'howrah', 27, 'Bankura', '2016-05-31', 'man_wih_bike6.jpg', '', '123456789', 'faisalnawzsiddiqui@g', 'ranchi', 'NO'),
(487, 'faisal ', 'howrah', 27, 'Bankura', '2016-05-31', 'man_wih_bike6.jpg', '', '123456789', 'faisalnawzsiddiqui@g', 'ranchi', 'NO'),
(488, 'faisal ', 'howrah', 27, 'Bankura', '2016-05-31', 'man_wih_bike6.jpg', '', '123456789', 'faisalnawzsiddiqui@g', 'ranchi', 'NO'),
(489, 'faisal ', 'howrah', 27, 'Bankura', '2016-05-31', 'man_wih_bike6.jpg', '', '123456789', 'faisalnawzsiddiqui@g', 'ranchi', 'NO'),
(490, 'faisal ', 'howrah', 27, 'Bankura', '2016-05-31', 'man_wih_bike6.jpg', '', '123456789', 'faisalnawzsiddiqui@g', 'ranchi', 'NO'),
(491, 'faisal ', 'howrah', 27, 'Bankura', '2016-05-31', 'man_wih_bike6.jpg', '', '123456789', 'faisalnawzsiddiqui@g', 'ranchi', 'NO'),
(492, 'nadim', 'asansol', 22, 'malda', '2016-06-22', 'nadim.jpg', '', '7278833535', 'nadim', 'kaikhali', 'NO'),
(493, 'nadim', 'asansol', 22, 'malda', '2016-06-22', 'nadim.jpg', '', '7278833535', 'nadim', 'kaikhali', 'NO'),
(494, 'nadim', 'howrah', 22, 'malda', '2016-06-23', 'nadim.jpg', '', '7278833535', 'nadim', 'kaikhali', 'NO'),
(495, 'nadim', 'asansol', 22, 'Birbhum', '2016-06-15', 'nadim.jpg', '', '7278833535', 'nadim', 'kaikhali', 'NO'),
(496, 'nadim', 'asansol', 22, 'Birbhum', '2016-06-15', 'nadim.jpg', '', '7278833535', 'nadim', 'kaikhali', 'NO'),
(497, 'nadim', 'howrah', 22, 'malda', '2016-06-23', 'nadim.jpg', '', '7278833535', 'nadim', 'kaikhali', 'NO'),
(498, 'nadim', 'howrah', 22, 'Cooch Behar', '2016-07-28', 'nadim.jpg', '', '7278833535', 'nadim', 'kaikhali', 'NO'),
(499, 'nadim', 'kolkata', 22, 'asansol', '2016-06-24', 'nadim.jpg', '', '7278833535', 'nadim', 'kaikhali', 'NO'),
(500, 'nadim', 'asansol', 22, 'Cooch Behar', '2016-06-24', 'nadim.jpg', '', '7278833535', 'nadim', 'kaikhali', 'NO'),
(501, 'nadim', 'asansol', 22, 'malda', '2016-06-29', 'nadim.jpg', '', '7278833535', 'nadim', 'kaikhali', 'NO'),
(502, 'nadim', 'asansol', 22, 'malda', '2016-06-29', 'nadim.jpg', '', '7278833535', 'nadim', 'kaikhali', 'NO'),
(503, 'nadim', 'asansol', 22, 'malda', '2016-06-29', 'nadim.jpg', '', '7278833535', 'nadim', 'kaikhali', 'NO'),
(504, 'asif khan', 'asansol', 26, 'Bankura', '2016-05-31', 'nitesh.jpg', '', '90123456', 'asif.902@gmail.com', 'koikhali', 'NO'),
(505, 'asif khan', 'asansol', 26, 'Bankura', '2016-05-31', 'nitesh.jpg', '', '90123456', 'asif.902@gmail.com', 'koikhali', 'NO'),
(506, 'asif khan', 'howrah', 26, 'Bankura', '2016-06-28', 'nitesh.jpg', '', '90123456', 'asif.902@gmail.com', 'koikhali', 'NO'),
(507, 'nadim', 'asansol', 22, 'Cooch Behar', '2016-06-28', 'nadim.jpg', '', '7278833535', 'nadim', 'kaikhali', 'NO'),
(508, 'nadim', 'kolkata', 22, 'Bankura', '2016-06-27', 'nadim.jpg', '', '7278833535', 'nadim', 'kaikhali', 'NO'),
(509, 'nadim', 'asansol', 22, 'malda', '2016-06-29', 'nadim.jpg', '', '7278833535', 'nadim', 'kaikhali', 'NO'),
(510, 'nadim', 'kolkata', 22, 'Darjeeling', '2016-06-29', 'nadim.jpg', '', '7278833535', 'nadim', 'kaikhali', 'NO'),
(511, 'nadim', 'kolkata', 22, 'Darjeeling', '2016-06-29', 'nadim.jpg', '', '7278833535', 'nadim', 'kaikhali', 'NO'),
(512, 'nadim', 'asansol', 22, 'Bankura', '2016-05-31', 'nadim.jpg', '', '7278833535', 'nadim', 'kaikhali', 'NO'),
(513, 'nadim', 'asansol', 22, 'Bankura', '2016-05-31', 'nadim.jpg', '', '7278833535', 'nadim', 'kaikhali', 'NO'),
(514, 'nadim', 'asansol', 22, 'Darjeeling', '2016-06-26', 'nadim.jpg', '', '7278833535', 'nadim', 'kaikhali', 'NO'),
(515, 'nadim', 'asansol', 22, 'Birbhum', '2016-05-31', 'nadim.jpg', '', '7278833535', 'nadim', 'kaikhali', 'NO'),
(516, 'nadim', 'asansol', 22, 'Birbhum', '2016-05-31', 'nadim.jpg', '', '7278833535', 'nadim', 'kaikhali', 'NO'),
(517, 'nadim', 'asansol', 22, 'Darjeeling', '2016-06-26', 'nadim.jpg', '', '7278833535', 'nadim', 'kaikhali', 'NO'),
(518, 'nadim', 'asansol', 22, 'Darjeeling', '2016-06-26', 'nadim.jpg', '', '7278833535', 'nadim', 'kaikhali', 'NO'),
(519, 'faisal ', 'asansol', 27, 'airport', '2016-06-25', 'man_wih_bike6.jpg', '', '123456789', 'faisalnawzsiddiqui@g', 'ranchi', 'NO'),
(520, 'faisal ', 'asansol', 27, 'airport', '2016-06-25', 'man_wih_bike6.jpg', '', '123456789', 'faisalnawzsiddiqui@g', 'ranchi', 'NO'),
(521, 'faisal ', 'asansol', 27, 'Bardhaman', '2016-05-31', 'man_wih_bike6.jpg', '', '123456789', 'faisalnawzsiddiqui@g', 'ranchi', 'NO'),
(522, 'faisal ', 'asansol', 27, 'Bardhaman', '2016-05-31', 'man_wih_bike6.jpg', '', '123456789', 'faisalnawzsiddiqui@g', 'ranchi', 'NO'),
(523, 'faisal ', 'asansol', 27, 'Bardhaman', '2016-05-31', 'man_wih_bike6.jpg', '', '123456789', 'faisalnawzsiddiqui@g', 'ranchi', 'NO'),
(524, 'faisal ', 'asansol', 27, 'Bardhaman', '2016-05-31', 'man_wih_bike6.jpg', '', '123456789', 'faisalnawzsiddiqui@g', 'ranchi', 'NO'),
(525, 'nadim', 'asansol', 22, 'Bardhaman', '2016-06-30', 'nadim.jpg', '', '7278833535', 'nadim', 'kaikhali', 'NO'),
(526, 'nadim', 'kolkata', 22, 'Bardhaman', '2016-06-28', 'nadim.jpg', '', '7278833535', 'nadim', 'kaikhali', 'NO'),
(527, 'kohli', 'kolkata', 28, 'howrah', '2016-06-28', 'man_wih_bike6.jpg', '', '999999999', 'nadim.902@gmail.com', 'india', 'NO'),
(528, 'nadim', 'asansol', 22, 'airport', '2016-06-28', 'nadim.jpg', '', '7278833535', 'nadim', 'kaikhali', 'NO'),
(529, 'nadim', 'kolkata', 22, 'Darjeeling', '2016-06-29', 'nadim.jpg', '', '7278833535', 'nadim', 'kaikhali', 'NO'),
(530, 'nadim', 'kolkata', 22, 'Darjeeling', '2016-06-29', 'nadim.jpg', '', '7278833535', 'nadim', 'kaikhali', 'NO'),
(531, 'nadim', 'kolkata', 22, 'Darjeeling', '2016-06-29', 'nadim.jpg', '', '7278833535', 'nadim', 'kaikhali', 'NO'),
(532, 'kohli', 'kolkata', 28, 'Darjeeling', '0000-00-00', 'man_wih_bike6.jpg', '', '999999999', 'nadim.902@gmail.com', 'india', 'NO'),
(533, 'kohli', 'kolkata', 28, 'Darjeeling', '2016-06-28', 'man_wih_bike6.jpg', '', '999999999', 'nadim.902@gmail.com', 'india', 'NO'),
(534, 'faisal ', 'howrah', 27, 'malda', '2016-06-26', 'man_wih_bike6.jpg', '', '123456789', 'faisalnawzsiddiqui@g', 'ranchi', 'NO'),
(535, 'faisal ', 'asansol', 27, 'howrah', '2016-06-30', 'man_wih_bike6.jpg', '', '123456789', 'faisalnawzsiddiqui@g', 'ranchi', 'NO'),
(536, 'faisal ', 'asansol', 27, 'howrah', '2016-06-30', 'man_wih_bike6.jpg', '', '123456789', 'faisalnawzsiddiqui@g', 'ranchi', 'NO'),
(537, 'faisal ', 'asansol', 27, 'howrah', '2016-06-30', 'man_wih_bike6.jpg', '', '123456789', 'faisalnawzsiddiqui@g', 'ranchi', 'NO'),
(538, 'faisal ', 'asansol', 27, 'howrah', '2016-06-30', 'man_wih_bike6.jpg', '', '123456789', 'faisalnawzsiddiqui@g', 'ranchi', 'NO'),
(539, 'kohli', 'asansol', 28, 'airport', '2016-06-29', 'man_wih_bike6.jpg', '', '999999999', 'nadim.902@gmail.com', 'india', 'NO'),
(540, 'kohli', 'kolkata', 28, 'Birbhum', '2016-06-30', 'man_wih_bike6.jpg', '', '999999999', 'nadim.902@gmail.com', 'india', 'NO'),
(541, 'kohli', 'asansol', 28, 'airport', '2016-06-29', 'man_wih_bike6.jpg', '', '999999999', 'nadim.902@gmail.com', 'india', 'NO'),
(542, 'kohli', 'asansol', 28, 'Bankura', '2016-06-23', 'man_wih_bike6.jpg', '', '999999999', 'nadim.902@gmail.com', 'india', 'NO'),
(543, 'kohli', 'howrah', 28, 'Bankura', '2016-06-28', 'man_wih_bike6.jpg', '', '999999999', 'nadim.902@gmail.com', 'india', 'NO'),
(544, 'nadim', 'kolkata', 22, 'asansol', '2016-06-29', 'nadim.jpg', '4-wheeler', '7278833535', 'nadim', 'kaikhali', 'NO'),
(545, 'nadim', 'howrah', 22, 'Bankura', '2016-07-28', 'nadim.jpg', '', '7278833535', 'nadim', 'kaikhali', 'NO'),
(546, 'nadim', 'howrah', 22, 'Bankura', '2016-07-28', 'nadim.jpg', '', '7278833535', 'nadim', 'kaikhali', 'NO'),
(547, 'nadim', 'howrah', 22, 'Bankura', '2016-07-28', 'nadim.jpg', '', '7278833535', 'nadim', 'kaikhali', 'NO'),
(548, 'nadim', 'howrah', 22, 'Bankura', '2016-07-28', 'nadim.jpg', '', '7278833535', 'nadim', 'kaikhali', 'NO'),
(549, 'almas', 'nadia', 55, 'hooghly', '2016-06-25', 'default.png', '3-wheeler', '678', 'sarique.902@gmail.com', 'kjhf', 'NO'),
(550, 'almas', 'kolkata', 55, 'nadia', '2016-06-29', 'default.png', '', '678', 'sarique.902@gmail.com', 'kjhf', 'NO'),
(551, 'almas', 'asansol', 55, 'Cooch Behar', '2016-06-28', 'default.png', '', '678', 'sarique.902@gmail.com', 'kjhf', 'NO'),
(552, 'almas', 'kolkata', 55, 'kolkata', '0000-00-00', 'default.png', '', '678', 'sarique.902@gmail.com', 'kjhf', 'NO'),
(553, 'nadim', 'asansol', 22, 'Cooch Behar', '2016-06-29', 'nadim.jpg', '', '7278833535', 'nadim', 'kaikhali', 'NO'),
(554, 'nadim', 'asansol', 22, 'kolkata', '2016-06-28', 'nadim.jpg', '', '7278833535', 'nadim', 'kaikhali', 'NO'),
(555, 'nadim', 'asansol', 22, 'airport', '2016-06-28', 'nadim.jpg', '', '7278833535', 'nadim', 'kaikhali', 'NO'),
(556, 'nadim', 'howrah', 22, 'Cooch Behar', '2016-06-28', 'nadim.jpg', '', '7278833535', 'nadim', 'kaikhali', 'NO'),
(557, 'nadim', 'asansol', 22, 'Darjeeling', '2016-06-28', 'nadim.jpg', '', '7278833535', 'nadim', 'kaikhali', 'NO'),
(558, 'faisal ', 'howrah', 27, 'Bardhaman', '2016-06-29', 'man_wih_bike6.jpg', '4-wheeler', '123456789', 'faisalnawzsiddiqui@g', 'ranchi', 'NO'),
(559, 'faisal ', 'asansol', 27, 'airport', '2016-06-29', 'man_wih_bike6.jpg', '', '123456789', 'faisalnawzsiddiqui@g', 'ranchi', 'NO'),
(560, 'almas', 'asansol', 55, 'Bardhaman', '2016-06-29', 'default.png', '', '678', 'sarique.902@gmail.com', 'kjhf', 'NO'),
(561, 'kohli', 'asansol', 28, 'Cooch Behar', '2016-06-28', 'man_wih_bike6.jpg', '', '999999999', 'nadim.902@gmail.com', 'india', 'NO'),
(562, 'pervez', 'kolkata', 24, 'hooghly', '2016-06-28', 'bika.jpg', '', '12345678', 'pervez@gmail.com', 'qwert1', 'NO'),
(563, 'pervez', 'kolkata', 24, 'hooghly', '2016-06-29', 'bika.jpg', '', '12345678', 'pervez@gmail.com', 'qwert1', 'NO'),
(564, 'almas', 'kolkata', 55, 'hooghly', '2016-06-27', 'default.png', '', '678', 'sarique.902@gmail.com', 'kjhf', 'NO'),
(565, 'almas', 'howrah', 55, 'Bankura', '2016-06-28', 'default.png', '', '678', 'sarique.902@gmail.com', 'kjhf', 'NO'),
(566, 'almas', 'howrah', 55, 'hooghly', '2016-06-27', 'default.png', '', '678', 'sarique.902@gmail.com', 'kjhf', 'NO'),
(567, 'almas', 'asansol', 55, 'howrah', '2016-06-28', 'default.png', '', '678', 'sarique.902@gmail.com', 'kjhf', 'NO'),
(568, 'almas', 'asansol', 55, 'malda', '2016-06-28', 'default.png', '', '678', 'sarique.902@gmail.com', 'kjhf', 'NO'),
(569, 'almas', 'kolkata', 55, 'hooghly', '0000-00-00', 'default.png', '', '678', 'sarique.902@gmail.com', 'kjhf', 'NO'),
(570, 'almas', 'kolkata', 55, 'hooghly', '2016-06-28', 'default.png', '', '678', 'sarique.902@gmail.com', 'kjhf', 'NO'),
(571, 'pervez', 'kolkata', 24, 'hooghly', '2016-06-27', 'bika.jpg', '', '12345678', 'pervez@gmail.com', 'qwert1', 'NO'),
(572, 'pervez', 'kolkata', 24, 'hooghly', '2016-06-28', 'bika.jpg', '', '12345678', 'pervez@gmail.com', 'qwert1', 'NO');
INSERT INTO `want_lift` (`lift_id`, `username`, `source`, `age`, `destination`, `date`, `image`, `vehicle`, `contact`, `email`, `address`, `confirmation`) VALUES
(573, 'almas', 'kolkata', 55, 'hooghly', '2016-06-28', 'default.png', '', '678', 'sarique.902@gmail.com', 'kjhf', 'NO'),
(574, 'almas', 'asansol', 55, 'hooghly', '2016-06-28', 'default.png', '', '678', 'sarique.902@gmail.com', 'kjhf', 'NO'),
(575, 'almas', 'asansol', 55, 'airport', '2016-06-28', 'default.png', '', '678', 'sarique.902@gmail.com', 'kjhf', 'NO'),
(576, 'almas', 'asansol', 55, 'malda', '2016-06-28', 'default.png', '', '678', 'sarique.902@gmail.com', 'kjhf', 'NO'),
(577, 'almas', 'kolkata', 55, 'howrah', '2016-06-27', 'default.png', '', '678', 'sarique.902@gmail.com', 'kjhf', 'NO'),
(578, 'almas', 'howrah', 55, 'malda', '2016-06-28', 'default.png', '', '678', 'sarique.902@gmail.com', 'kjhf', 'NO'),
(579, 'almas', 'kolkata', 55, 'howrah', '2016-06-27', 'default.png', '', '678', 'sarique.902@gmail.com', 'kjhf', 'NO'),
(580, 'almas', 'kolkata', 55, 'hooghly', '2016-06-28', 'default.png', '', '678', 'sarique.902@gmail.com', 'kjhf', 'NO'),
(581, 'almas', 'kolkata', 55, 'airport', '2016-06-28', 'default.png', '', '678', 'sarique.902@gmail.com', 'kjhf', 'NO'),
(582, 'nadim', 'kolkata', 22, 'hooghly', '2016-06-28', 'nadim.jpg', '', '7278833535', 'nadim', 'kaikhali', 'NO'),
(583, 'almas', 'kolkata', 55, 'hooghly', '2016-06-28', 'default.png', '', '678', 'sarique.902@gmail.com', 'kjhf', 'NO');

/*!40101 SET CHARACTER_SET_CLIENT=@OLD_CHARACTER_SET_CLIENT */;
/*!40101 SET CHARACTER_SET_RESULTS=@OLD_CHARACTER_SET_RESULTS */;
/*!40101 SET COLLATION_CONNECTION=@OLD_COLLATION_CONNECTION */;
